,SEC_TERM,COURSE_SECTIONS_ID,SEC_STATUS,SEC_COMMENTS,SEC_PRINTED_COMMENTS,SEC_START_DATE,SEC_END_DATE,SEC_SUBJECT,SEC_COURSE_NO,SEC_NO,SEC_SHORT_TITLE,SEC_MIN_CRED,CSM_START_TIME,CSM_END_TIME,CSM_MONDAY,CSM_TUESDAY,CSM_WEDNESDAY,CSM_THURSDAY,CSM_FRIDAY,CSM_SATURDAY,CSM_SUNDAY,CSM_BLDG,CSM_ROOM,CSM_INSTR_METHOD,SEC_FACULTY_INFO,STUDENTS_AND_RESERVED_SEATS,SEC_CAPACITY,SEC_SCHED_CAPACITY,WAITLIST,XL_CAPACITY,XL_WAITLIST_MAX,CHARGE_AMT_1,CHARGE_AMT_2,CHARGE_AMT_3,AR_CODE_1,AR_CODE_2,AR_CODE_3,sect_AW,sect_FAR,sect_HIS,sect_LIT,sect_CEA,sect_CL,sect_CD,sect_ER,sect_PHL,sect_THE,sect_FYC,sect_GD,sect_ILC,sect_IW,sect_ND,sect_NS,sect_OC,sect_PR,sect_QA,sect_SL,sect_SS,sect_WI,sect_PS,PREREQ,SEC_FACULTY_CONSENT_FLAG,SEC_PETITION_REQD_FLAG,SEC_HIDE_IN_CATALOG,CSM_START_DATE,CSM_END_DATE,NEEDS_BUILD,SEC_OVERRIDE_CRS_REQS_FLAG,SEC_OVR_PREREG_START_DATE,SEC_OVR_ADD_START_DATE,SEC_OVR_DROP_GR_REQD_DATE,SEC_OVR_DROP_END_DATE,SEC_ACAD_LEVEL,SEC_NO_WEEKS,SEC_XLIST,SEC_GRADE_SCHEME,SEC_CRED_TYPE,SEC_REG_RETAKE_POLICY,SEC_BILLING_CRED,SEC_BILLING_METHOD,SEC_BILLING_PERIOD_TYPE,SEC_MIN_ENROLL,SEC_ONLY_PASS_NOPASS_FLAG,SEC_ALLOW_PASS_NOPASS_FLAG,SEC_ALLOW_AUDIT_FLAG,SEC_ALLOW_WAITLIST_FLAG,SEC_WAITLIST_MAX,SEC_WAITLIST_NO_DAYS,SEC_CLOSE_WAITLIST_FLAG,CSM_ROOM_SCHED_TERM,SEC_SYNONYM,SEC_COURSE,SEC_NAME,SEC_MEETING_INFO,SEC_FIRST_MEETING_DATE,SEC_LAST_MEETING_DATE,SECTION_CHGOPR,SECTION_CHGDATE,MEETING_CHGOPR,MEETING_CHGDATE,Classroom Name,Building Information,Building,Room Number,Floor Name,Number of Student Seats in Room,Width of Room,Length of Room,Number of Projectors in Room,BluRay,Zoom,Microphone,Laptop HDMI input plug in,Document Camera,Storage,Movable Chairs,Printer,Piano,Stereo,TV,Sink,Notes,StartMonth,StartDay,StartYear,EndMonth,EndDay,EndYear,StartMonthNum,EndMonthNum,StartDate,EndDate,StartHour,StartMinute,EndHour,EndMinute,MilitaryStart,MilitaryEnd,StartDateTime,EndDateTime,ClassDuration,IsPrimeTime,OverlappingClasses,PrimeTimeSingleCount,PrimeTimeUtilization,PrimeTimeScore,CapacityUtilization,CapacityScore,InstrMethodScore,InstructorMethods,InstructorMethods_aggregated,InstructorScore,DoubleBookingPenalty,NextClassStart,IdleTime,IdleTimeScore,OverallScore
0,2024SU,21631,F,0,0,May 20 2024,Aug  9 2024,ANZ,425,A,Internship,1.0,0,0,False,False,False,False,False,0,0.0,No Building Assigned,0,INTR,H. Suthers,0.0,20.0,0.0,0.0,0.0,0.0,0.0,0.0,0.0,0,0.0,0.0,-,-,-,-,-,-,-,-,-,-,-,-,-,-,-,-,-,-,-,-,-,-,-,0,N,Y,0.0,May 20 2024,Aug  9 2024,Needs Build,N,0,0,0,0,UG,0.0,0.0,+,INST,UL,0.0,T,T,4,N,Y,Y,N,0.0,0.0,0.0,2024SU,20759,1845,ANZ-425-A,"05/20/2024-08/09/2024 Internship Days to be Announced, Times to be Announced, Room to be Announced",May 20 2024,Aug  9 2024,BSTOLTZ,Feb 22 2024,BSTOLTZ,Feb 19 2024,0,0,0,No Room Assigned,No Floor Assigned,0.0,0.0,0.0,0.0,0,0,0,0,0,0,0,0,0,0,0.0,0.0,0,May,20,2024,Aug,9,2024,5,8,2024-5-20,2024-8-9,,,,,00:00:00,00:00:00,2024-05-20 00:00:00,2024-08-09 00:00:00,1944.0,0,True,0,0,0.0,0.0,0.0,1.3,INTR,{N/A},0.0,0.0,2024-05-20 00:00:00,-1944.0,0.0,0.0
1,2024SU,21645,A,Session 6W-1: May 20 - June 28,Session 6W-1: May 20 - June 28,May 20 2024,Jun 28 2024,BA,421,A,Estate Planning,3.0,0,0,False,False,False,False,False,0,0.0,No Building Assigned,0,CYBER,A. Thomas,0.0,20.0,0.0,0.0,0.0,0.0,0.0,0.0,0.0,0,0.0,0.0,-,-,-,-,-,-,-,-,-,-,-,-,-,-,-,-,-,-,-,-,-,-,-,0,N,N,0.0,May 20 2024,Jun 28 2024,Needs Build,N,Mar  5 2024,May 20 2024,May 21 2024,Jun 20 2024,UG,15.0,0.0,+,INST,R2,3.0,T,T,4,N,Y,Y,N,0.0,0.0,0.0,2024SU,20773,2476,BA-421-A,"05/20/2024-06/28/2024 Online (Asynchronous) Days to be Announced, Times to be Announced, Room to be Announced",May 20 2024,Jun 28 2024,BSTOLTZ,Feb 28 2024,BSTOLTZ,Feb 28 2024,0,0,0,No Room Assigned,No Floor Assigned,0.0,0.0,0.0,0.0,0,0,0,0,0,0,0,0,0,0,0.0,0.0,0,May,20,2024,Jun,28,2024,5,6,2024-5-20,2024-6-28,,,,,00:00:00,00:00:00,2024-05-20 00:00:00,2024-06-28 00:00:00,936.0,0,True,0,0,0.0,0.0,0.0,0.2,CYBER,{N/A},0.0,0.0,2024-05-20 00:00:00,-936.0,0.0,0.0
2,2024SU,21646,F,0,0,May 20 2024,Aug  9 2024,BA,425,A,Internship,1.0,0,0,False,False,False,False,False,0,0.0,No Building Assigned,0,INTR,A. Ryerson,0.0,20.0,0.0,0.0,0.0,0.0,0.0,0.0,0.0,0,0.0,0.0,-,-,-,-,-,-,-,-,-,-,-,-,-,-,-,-,-,-,-,-,-,-,-,0,N,Y,0.0,May 20 2024,Aug  9 2024,Needs Build,N,0,0,0,0,UG,0.0,0.0,+,INST,UL,0.0,T,T,4,N,N,N,N,0.0,0.0,0.0,2024SU,20774,863,BA-425-A,"05/20/2024-08/09/2024 Internship Days to be Announced, Times to be Announced, Room to be Announced",May 20 2024,Aug  9 2024,BSTOLTZ,Feb 28 2024,BSTOLTZ,Feb 19 2024,0,0,0,No Room Assigned,No Floor Assigned,0.0,0.0,0.0,0.0,0,0,0,0,0,0,0,0,0,0,0.0,0.0,0,May,20,2024,Aug,9,2024,5,8,2024-5-20,2024-8-9,,,,,00:00:00,00:00:00,2024-05-20 00:00:00,2024-08-09 00:00:00,1944.0,0,True,0,0,0.0,0.0,0.0,1.3,INTR,{N/A},0.0,0.0,2024-05-20 00:00:00,-1944.0,0.0,0.0
3,2024SU,21650,A,MACC Session: May 20 - June 28,MACC Session: May 20 - June 28,May 20 2024,Jun 28 2024,BA,MCOMP,A,MA of Accountancy Comp Exam,0.0,0,0,False,False,False,False,False,0,0.0,No Building Assigned,0,LEC,B. Marie,0.0,20.0,20.0,0.0,0.0,0.0,0.0,0.0,0.0,0,0.0,0.0,-,-,-,-,-,-,-,-,-,-,-,-,-,-,-,-,-,-,-,-,-,-,-,0,N,N,0.0,May 20 2024,Jun 28 2024,Needs Build,N,Mar  5 2024,May 20 2024,May 21 2024,Jun 20 2024,GR,6.0,0.0,+,INST,R2GR,0.0,T,T,4,N,Y,N,N,0.0,0.0,0.0,2024SU,20778,2420,BA-MCOMP-A,"05/20/2024-06/28/2024 Lecture Days to be Announced, Times to be Announced, Room to be Announced",May 20 2024,Jun 28 2024,BSTOLTZ,Feb 28 2024,BSTOLTZ,Feb 28 2024,0,0,0,No Room Assigned,No Floor Assigned,0.0,0.0,0.0,0.0,0,0,0,0,0,0,0,0,0,0,0.0,0.0,0,May,20,2024,Jun,28,2024,5,6,2024-5-20,2024-6-28,,,,,00:00:00,00:00:00,2024-05-20 00:00:00,2024-06-28 00:00:00,936.0,0,True,0,0,0.0,0.0,0.0,1.0,LEC,{N/A},0.0,0.0,2024-05-20 00:00:00,-936.0,0.0,0.0
4,2024SU,21651,F,0,0,May 20 2024,Aug  9 2024,BI,425,A,Internship,1.0,0,0,False,False,False,False,False,0,0.0,No Building Assigned,0,INTR,B. Sheafor,0.0,20.0,0.0,0.0,0.0,0.0,0.0,0.0,0.0,0,0.0,0.0,-,-,-,-,-,-,-,-,-,-,-,-,-,-,-,-,-,-,-,-,-,-,-,0,N,Y,0.0,May 20 2024,Aug  9 2024,Needs Build,N,0,0,0,0,UG,0.0,0.0,+,INST,R2,0.0,T,T,4,N,N,Y,Y,0.0,3.0,0.0,2024SU,20779,907,BI-425-A,"05/20/2024-08/09/2024 Internship Days to be Announced, Times to be Announced, Room to be Announced",May 20 2024,Aug  9 2024,BSTOLTZ,Feb 22 2024,BSTOLTZ,Feb 19 2024,0,0,0,No Room Assigned,No Floor Assigned,0.0,0.0,0.0,0.0,0,0,0,0,0,0,0,0,0,0,0.0,0.0,0,May,20,2024,Aug,9,2024,5,8,2024-5-20,2024-8-9,,,,,00:00:00,00:00:00,2024-05-20 00:00:00,2024-08-09 00:00:00,1944.0,0,True,0,0,0.0,0.0,0.0,1.3,INTR,{N/A},0.0,0.0,2024-05-20 00:00:00,-1944.0,0.0,0.0
5,2024SU,21653,F,0,0,May 20 2024,Aug  9 2024,CO,425,A,Internship,1.0,0,0,False,False,False,False,False,0,0.0,No Building Assigned,0,INTR,A. Hansen,0.0,20.0,0.0,0.0,0.0,0.0,0.0,0.0,0.0,0,0.0,0.0,-,-,-,-,-,-,-,-,-,-,-,-,-,-,-,-,-,-,-,-,-,-,-,0,N,Y,0.0,May 20 2024,Aug  9 2024,Needs Build,N,0,0,0,0,UG,0.0,0.0,+,INST,UL,0.0,T,T,4,N,Y,N,N,0.0,0.0,0.0,2024SU,20781,467,CO-425-A,"05/20/2024-08/09/2024 Internship Days to be Announced, Times to be Announced, Room to be Announced",May 20 2024,Aug  9 2024,BSTOLTZ,Feb 28 2024,BSTOLTZ,Feb 19 2024,0,0,0,No Room Assigned,No Floor Assigned,0.0,0.0,0.0,0.0,0,0,0,0,0,0,0,0,0,0,0.0,0.0,0,May,20,2024,Aug,9,2024,5,8,2024-5-20,2024-8-9,,,,,00:00:00,00:00:00,2024-05-20 00:00:00,2024-08-09 00:00:00,1944.0,0,True,0,0,0.0,0.0,0.0,1.3,INTR,{N/A},0.0,0.0,2024-05-20 00:00:00,-1944.0,0.0,0.0
6,2024SU,21656,A,0,0,May 20 2024,Aug  9 2024,CORE,ABROAD,A,CORE-ABROAD,0.0,0,0,False,False,False,False,False,0,0.0,No Building Assigned,0,SA,"S. Ackeret, D. Cash",0.0,20.0,0.0,0.0,0.0,0.0,0.0,0.0,0.0,0,0.0,0.0,-,-,-,-,-,-,-,-,-,-,-,-,-,-,-,-,-,-,-,-,-,-,-,0,N,Y,0.0,May 20 2024,Aug  9 2024,Needs Build,N,0,0,0,0,UG,15.0,0.0,+,INST,R2,0.0,T,T,4,N,Y,Y,N,0.0,0.0,0.0,2024SU,20784,2459,CORE-ABROAD-A,"05/20/2024-08/09/2024 Study Abroad Days to be Announced, Times to be Announced, Room to be Announced",May 20 2024,Aug  9 2024,BSTOLTZ,Feb 21 2024,BSTOLTZ,Feb 19 2024,0,0,0,No Room Assigned,No Floor Assigned,0.0,0.0,0.0,0.0,0,0,0,0,0,0,0,0,0,0,0.0,0.0,0,May,20,2024,Aug,9,2024,5,8,2024-5-20,2024-8-9,,,,,00:00:00,00:00:00,2024-05-20 00:00:00,2024-08-09 00:00:00,1944.0,0,True,0,0,0.0,0.0,0.0,0.0,SA,{N/A},0.0,0.0,2024-05-20 00:00:00,-1944.0,0.0,0.0
7,2024SU,21657,A,0,0,May 20 2024,Aug  9 2024,CORE,INTERN,A,CORE-INTERN,0.0,0,0,False,False,False,False,False,0,0.0,No Building Assigned,0,INTR,"D. Cash, L. Rodriguez",0.0,20.0,0.0,0.0,0.0,0.0,0.0,0.0,0.0,0,0.0,0.0,-,-,-,-,-,-,-,-,-,-,-,-,-,-,-,-,-,-,-,-,-,-,-,0,N,Y,0.0,May 20 2024,Aug  9 2024,Needs Build,N,0,0,0,0,UG,15.0,0.0,+,INST,R2,0.0,T,T,4,N,Y,Y,N,0.0,0.0,0.0,2024SU,20785,2460,CORE-INTERN-A,"05/20/2024-08/09/2024 Internship Days to be Announced, Times to be Announced, Room to be Announced",May 20 2024,Aug  9 2024,BSTOLTZ,Feb 21 2024,BSTOLTZ,Feb 19 2024,0,0,0,No Room Assigned,No Floor Assigned,0.0,0.0,0.0,0.0,0,0,0,0,0,0,0,0,0,0,0.0,0.0,0,May,20,2024,Aug,9,2024,5,8,2024-5-20,2024-8-9,,,,,00:00:00,00:00:00,2024-05-20 00:00:00,2024-08-09 00:00:00,1944.0,0,True,0,0,0.0,0.0,0.0,1.3,INTR,{N/A},0.0,0.0,2024-05-20 00:00:00,-1944.0,0.0,0.0
8,2024SU,21658,A,ACNU Core Curriculum Project,ACNU Core Curriculum Project,May 20 2024,Aug  9 2024,CORE,PROJ,A,Core Capstone Project,0.0,0,0,False,False,False,False,False,0,0.0,No Building Assigned,0,SEM,"D. Cash, M. Lewis",0.0,11.0,20.0,0.0,0.0,0.0,0.0,0.0,0.0,0,0.0,0.0,-,-,-,-,-,-,-,-,-,-,-,-,-,-,-,-,-,-,-,-,-,-,-,0,N,N,0.0,May 20 2024,Aug  9 2024,Needs Build,N,Mar  5 2024,Jul  1 2024,Jul  2 2024,Jul 16 2024,UG,15.0,0.0,+,INST,R2,0.0,T,T,4,N,Y,Y,N,0.0,0.0,0.0,2024SU,20786,2657,CORE-PROJ-A,"05/20/2024-08/09/2024 Seminar Days to be Announced, Times to be Announced, Room to be Announced",May 20 2024,Aug  9 2024,BSTOLTZ,Feb 21 2024,BSTOLTZ,Feb 19 2024,0,0,0,No Room Assigned,No Floor Assigned,0.0,0.0,0.0,0.0,0,0,0,0,0,0,0,0,0,0,0.0,0.0,0,May,20,2024,Aug,9,2024,5,8,2024-5-20,2024-8-9,,,,,00:00:00,00:00:00,2024-05-20 00:00:00,2024-08-09 00:00:00,1944.0,0,True,0,0,0.0,0.0,0.0,1.2,SEM,{N/A},0.0,0.0,2024-05-20 00:00:00,-1944.0,0.0,0.0
9,2024SU,21659,F,0,0,May 20 2024,Aug  9 2024,CS,425,A,Internship,1.0,0,0,False,False,False,False,False,0,0.0,No Building Assigned,0,INTR,S. Scott,0.0,20.0,0.0,0.0,0.0,0.0,0.0,0.0,0.0,0,0.0,0.0,-,-,-,-,-,-,-,-,-,-,-,-,-,-,-,-,-,-,-,-,-,-,-,0,N,Y,0.0,May 20 2024,Aug  9 2024,Needs Build,N,0,0,0,0,UG,0.0,0.0,+,INST,R2,0.0,T,T,4,N,Y,Y,N,0.0,0.0,0.0,2024SU,20787,739,CS-425-A,"05/20/2024-08/09/2024 Internship Days to be Announced, Times to be Announced, Room to be Announced",May 20 2024,Aug  9 2024,BSTOLTZ,Feb 22 2024,BSTOLTZ,Feb 19 2024,0,0,0,No Room Assigned,No Floor Assigned,0.0,0.0,0.0,0.0,0,0,0,0,0,0,0,0,0,0,0.0,0.0,0,May,20,2024,Aug,9,2024,5,8,2024-5-20,2024-8-9,,,,,00:00:00,00:00:00,2024-05-20 00:00:00,2024-08-09 00:00:00,1944.0,0,True,0,0,0.0,0.0,0.0,1.3,INTR,{N/A},0.0,0.0,2024-05-20 00:00:00,-1944.0,0.0,0.0
10,2024SU,21665,F,0,0,May 20 2024,Aug  9 2024,ES,425,A,Internship,1.0,0,0,False,False,False,False,False,0,0.0,No Building Assigned,0,INTR,P. Heiser,0.0,20.0,0.0,0.0,0.0,0.0,0.0,0.0,0.0,0,0.0,0.0,-,-,-,-,-,-,-,-,-,-,-,-,-,-,-,-,-,-,-,-,-,-,-,0,N,Y,0.0,May 20 2024,Aug  9 2024,Needs Build,N,0,0,0,0,UG,0.0,0.0,+,INST,R2,0.0,T,T,4,N,Y,Y,N,0.0,0.0,0.0,2024SU,20793,2357,ES-425-A,"05/20/2024-08/09/2024 Internship Days to be Announced, Times to be Announced, Room to be Announced",May 20 2024,Aug  9 2024,BSTOLTZ,Feb 22 2024,BSTOLTZ,Feb 19 2024,0,0,0,No Room Assigned,No Floor Assigned,0.0,0.0,0.0,0.0,0,0,0,0,0,0,0,0,0,0,0.0,0.0,0,May,20,2024,Aug,9,2024,5,8,2024-5-20,2024-8-9,,,,,00:00:00,00:00:00,2024-05-20 00:00:00,2024-08-09 00:00:00,1944.0,0,True,0,0,0.0,0.0,0.0,1.3,INTR,{N/A},0.0,0.0,2024-05-20 00:00:00,-1944.0,0.0,0.0
11,2024SU,21666,F,0,0,May 20 2024,Aug  9 2024,HI,425,A,Internship,1.0,0,0,False,False,False,False,False,0,0.0,No Building Assigned,0,INTR,D. Cash,0.0,20.0,0.0,0.0,0.0,0.0,0.0,0.0,0.0,0,0.0,0.0,-,-,HIS,-,-,-,-,-,-,-,-,-,-,-,-,-,-,-,-,-,-,-,-,0,N,Y,0.0,May 20 2024,Aug  9 2024,Needs Build,N,0,0,0,0,UG,0.0,0.0,+,INST,R2,0.0,T,T,4,N,Y,Y,N,0.0,0.0,0.0,2024SU,20794,1663,HI-425-A,"05/20/2024-08/09/2024 Internship Days to be Announced, Times to be Announced, Room to be Announced",May 20 2024,Aug  9 2024,BSTOLTZ,Feb 22 2024,BSTOLTZ,Feb 19 2024,0,0,0,No Room Assigned,No Floor Assigned,0.0,0.0,0.0,0.0,0,0,0,0,0,0,0,0,0,0,0.0,0.0,0,May,20,2024,Aug,9,2024,5,8,2024-5-20,2024-8-9,,,,,00:00:00,00:00:00,2024-05-20 00:00:00,2024-08-09 00:00:00,1944.0,0,True,0,0,0.0,0.0,0.0,1.3,INTR,{N/A},0.0,0.0,2024-05-20 00:00:00,-1944.0,0.0,0.0
12,2024SU,21669,F,0,0,May 20 2024,Aug  9 2024,HS,425,B,Internship,1.0,0,0,False,False,False,False,False,0,0.0,No Building Assigned,0,INTR,D. Hokit,0.0,20.0,0.0,0.0,0.0,0.0,0.0,0.0,0.0,0,0.0,0.0,-,-,-,-,-,-,-,-,-,-,-,-,-,-,-,-,-,-,-,-,-,-,-,0,N,Y,0.0,May 20 2024,Aug  9 2024,Needs Build,N,0,0,0,0,UG,0.0,0.0,+,INST,UL,0.0,T,T,4,N,Y,Y,N,0.0,0.0,0.0,2024SU,20797,2352,HS-425-B,"05/20/2024-08/09/2024 Internship Days to be Announced, Times to be Announced, Room to be Announced",May 20 2024,Aug  9 2024,BSTOLTZ,Feb 22 2024,BSTOLTZ,Feb 19 2024,0,0,0,No Room Assigned,No Floor Assigned,0.0,0.0,0.0,0.0,0,0,0,0,0,0,0,0,0,0,0.0,0.0,0,May,20,2024,Aug,9,2024,5,8,2024-5-20,2024-8-9,,,,,00:00:00,00:00:00,2024-05-20 00:00:00,2024-08-09 00:00:00,1944.0,0,True,0,0,0.0,0.0,0.0,1.3,INTR,{N/A},0.0,0.0,2024-05-20 00:00:00,-1944.0,0.0,0.0
13,2024SU,21672,A,Session 12W: May 20 - August 9,Session 12W: May 20 - August 9,May 20 2024,Aug  9 2024,MA,207,A,Introduction to Statistics,3.0,0,0,False,False,False,False,False,0,0.0,No Building Assigned,0,CYBER,K. Cline,0.0,20.0,20.0,0.0,0.0,0.0,0.0,0.0,0.0,0,0.0,0.0,-,-,-,-,-,-,-,-,-,-,-,-,-,-,-,-,-,-,QA,-,-,-,-,0,N,N,0.0,May 20 2024,Aug  9 2024,Needs Build,N,0,0,0,0,UG,15.0,0.0,+,INST,R2,3.0,T,T,4,N,Y,Y,N,0.0,0.0,0.0,2024SU,20800,302,MA-207-A,"05/20/2024-08/09/2024 Online (Asynchronous) Days to be Announced, Times to be Announced, Room to be Announced",May 20 2024,Aug  9 2024,BSTOLTZ,Feb 21 2024,BSTOLTZ,Feb 19 2024,0,0,0,No Room Assigned,No Floor Assigned,0.0,0.0,0.0,0.0,0,0,0,0,0,0,0,0,0,0,0.0,0.0,0,May,20,2024,Aug,9,2024,5,8,2024-5-20,2024-8-9,,,,,00:00:00,00:00:00,2024-05-20 00:00:00,2024-08-09 00:00:00,1944.0,0,True,0,0,0.0,0.0,0.0,0.2,CYBER,{N/A},0.0,0.0,2024-05-20 00:00:00,-1944.0,0.0,0.0
14,2024SU,21674,F,0,0,May 20 2024,Aug  9 2024,PH,425,A,Internship,1.0,0,0,False,False,False,False,False,0,0.0,No Building Assigned,0,INTR,J. Glowienka,0.0,20.0,0.0,0.0,0.0,0.0,0.0,0.0,0.0,0,0.0,0.0,-,-,-,-,-,-,-,-,-,-,-,-,-,-,-,-,-,-,-,-,-,-,-,0,N,Y,0.0,May 20 2024,Aug  9 2024,Needs Build,N,0,0,0,0,UG,0.0,0.0,+,INST,UL,0.0,T,T,4,N,Y,Y,N,0.0,0.0,0.0,2024SU,20802,2353,PH-425-A,"05/20/2024-08/09/2024 Internship Days to be Announced, Times to be Announced, Room to be Announced",May 20 2024,Aug  9 2024,BSTOLTZ,Feb 22 2024,BSTOLTZ,Feb 19 2024,0,0,0,No Room Assigned,No Floor Assigned,0.0,0.0,0.0,0.0,0,0,0,0,0,0,0,0,0,0,0.0,0.0,0,May,20,2024,Aug,9,2024,5,8,2024-5-20,2024-8-9,,,,,00:00:00,00:00:00,2024-05-20 00:00:00,2024-08-09 00:00:00,1944.0,0,True,0,0,0.0,0.0,0.0,1.3,INTR,{N/A},0.0,0.0,2024-05-20 00:00:00,-1944.0,0.0,0.0
15,2024SU,21711,A,0,0,May 20 2024,Aug  9 2024,PSY,334,A,Experiential/Adventure Therapy,3.0,0,0,False,False,False,False,False,0,0.0,No Building Assigned,0,LEC,J. Nolen,0.0,20.0,0.0,0.0,0.0,0.0,0.0,0.0,0.0,0,0.0,0.0,-,-,-,-,-,-,-,-,-,-,-,-,-,-,-,-,-,-,-,-,-,-,-,0,N,N,0.0,May 20 2024,Aug  9 2024,Needs Build,N,0,0,0,0,UG,15.0,0.0,+,INST,R2,3.0,T,T,4,N,Y,Y,Y,0.0,3.0,0.0,0,20838,2661,PSY-334-A,"05/20/2024-08/09/2024 Lecture Days to be Announced, Times to be Announced, Room to be Announced",May 20 2024,Aug  9 2024,BSTOLTZ,Feb 28 2024,BSTOLTZ,Feb 28 2024,0,0,0,No Room Assigned,No Floor Assigned,0.0,0.0,0.0,0.0,0,0,0,0,0,0,0,0,0,0,0.0,0.0,0,May,20,2024,Aug,9,2024,5,8,2024-5-20,2024-8-9,,,,,00:00:00,00:00:00,2024-05-20 00:00:00,2024-08-09 00:00:00,1944.0,0,True,0,0,0.0,0.0,0.0,1.0,LEC,{N/A},0.0,0.0,2024-05-20 00:00:00,-1944.0,0.0,0.0
16,2024SU,21686,F,INTERNSHIPS,INTERNSHIPS,May 20 2024,Aug  9 2024,PSY,425,A,Internship,1.0,0,0,False,False,False,False,False,0,0.0,No Building Assigned,0,INTR,J. Nolen,0.0,20.0,20.0,0.0,0.0,0.0,0.0,0.0,0.0,0,0.0,0.0,-,-,-,-,-,-,-,-,-,-,-,-,-,-,-,-,-,-,-,-,-,-,-,0,N,Y,0.0,May 20 2024,Aug  9 2024,Needs Build,N,0,0,0,0,UG,0.0,0.0,+,INST,R2,0.0,T,T,4,N,Y,N,N,0.0,0.0,0.0,2024SU,20814,687,PSY-425-A,"05/20/2024-08/09/2024 Internship Days to be Announced, Times to be Announced, Room to be Announced",May 20 2024,Aug  9 2024,BSTOLTZ,Feb 22 2024,BSTOLTZ,Feb 19 2024,0,0,0,No Room Assigned,No Floor Assigned,0.0,0.0,0.0,0.0,0,0,0,0,0,0,0,0,0,0,0.0,0.0,0,May,20,2024,Aug,9,2024,5,8,2024-5-20,2024-8-9,,,,,00:00:00,00:00:00,2024-05-20 00:00:00,2024-08-09 00:00:00,1944.0,0,True,0,0,0.0,0.0,0.0,1.3,INTR,{N/A},0.0,0.0,2024-05-20 00:00:00,-1944.0,0.0,0.0
17,2024SU,21687,F,Independent Research in PSY,Independent Research in PSY,May 20 2024,Aug  9 2024,PSY,486,A,Independent Research in PSY,1.0,0,0,False,False,False,False,False,0,0.0,No Building Assigned,0,INDP,N. Honzel,0.0,1.0,0.0,0.0,0.0,0.0,0.0,0.0,0.0,0,0.0,0.0,-,-,-,-,-,-,-,-,-,-,-,-,-,-,-,-,-,-,-,-,-,-,-,0,Y,N,0.0,May 20 2024,Aug  9 2024,Needs Build,N,0,0,0,0,UG,15.0,0.0,+,INST,UL,0.0,T,T,1,N,Y,Y,N,0.0,0.0,0.0,2024SU,20815,689,PSY-486-A,"05/20/2024-08/09/2024 Independent Study Days to be Announced, Times to be Announced, Room to be Announced",May 20 2024,Aug  9 2024,BSTOLTZ,Feb 28 2024,BSTOLTZ,Feb 19 2024,0,0,0,No Room Assigned,No Floor Assigned,0.0,0.0,0.0,0.0,0,0,0,0,0,0,0,0,0,0,0.0,0.0,0,May,20,2024,Aug,9,2024,5,8,2024-5-20,2024-8-9,,,,,00:00:00,00:00:00,2024-05-20 00:00:00,2024-08-09 00:00:00,1944.0,0,True,0,0,0.0,0.0,0.0,0.2,INDP,{N/A},0.0,0.0,2024-05-20 00:00:00,-1944.0,0.0,0.0
18,2024SU,21688,A,0,0,May 20 2024,Aug  9 2024,SA,361,A,Summer Abroad Siena Italy,1.0,0,0,False,False,False,False,False,0,0.0,No Building Assigned,0,SA,"S. Ackeret, E. Glowienka",0.0,20.0,0.0,0.0,0.0,0.0,0.0,0.0,0.0,0,0.0,0.0,-,-,-,-,-,-,-,-,-,-,-,GD,-,-,-,-,-,-,-,-,-,-,-,0,N,Y,0.0,May 20 2024,Aug  9 2024,Needs Build,N,0,0,0,0,UG,0.0,0.0,+,STAB,UL,0.0,T,T,4,N,Y,Y,N,0.0,0.0,0.0,2024SU,20816,2709,SA-361-A,"05/20/2024-08/09/2024 Study Abroad Days to be Announced, Times to be Announced, Room to be Announced",May 20 2024,Aug  9 2024,BSTOLTZ,Feb 19 2024,BSTOLTZ,Feb 19 2024,0,0,0,No Room Assigned,No Floor Assigned,0.0,0.0,0.0,0.0,0,0,0,0,0,0,0,0,0,0,0.0,0.0,0,May,20,2024,Aug,9,2024,5,8,2024-5-20,2024-8-9,,,,,00:00:00,00:00:00,2024-05-20 00:00:00,2024-08-09 00:00:00,1944.0,0,True,0,0,0.0,0.0,0.0,0.0,SA,{N/A},0.0,0.0,2024-05-20 00:00:00,-1944.0,0.0,0.0
19,2024SU,21689,A,STUDY ABROAD,STUDY ABROAD,May 20 2024,Aug  9 2024,SA,363,A,Summer Abroad Galway Ireland,1.0,0,0,False,False,False,False,False,0,0.0,No Building Assigned,0,SA,S. Ackeret,0.0,20.0,0.0,0.0,0.0,0.0,0.0,0.0,0.0,0,0.0,0.0,-,-,-,-,-,-,-,-,-,-,-,GD,-,-,-,-,-,-,-,-,-,-,-,0,N,Y,0.0,May 20 2024,Aug  9 2024,Needs Build,N,0,0,0,0,UG,0.0,0.0,+,STAB,UL,0.0,T,T,4,N,Y,Y,N,0.0,0.0,0.0,2024SU,20817,2504,SA-363-A,"05/20/2024-08/09/2024 Study Abroad Days to be Announced, Times to be Announced, Room to be Announced",May 20 2024,Aug  9 2024,BSTOLTZ,Feb 19 2024,BSTOLTZ,Feb 19 2024,0,0,0,No Room Assigned,No Floor Assigned,0.0,0.0,0.0,0.0,0,0,0,0,0,0,0,0,0,0,0.0,0.0,0,May,20,2024,Aug,9,2024,5,8,2024-5-20,2024-8-9,,,,,00:00:00,00:00:00,2024-05-20 00:00:00,2024-08-09 00:00:00,1944.0,0,True,0,0,0.0,0.0,0.0,0.0,SA,{N/A},0.0,0.0,2024-05-20 00:00:00,-1944.0,0.0,0.0
20,2024SU,21690,A,"Faculty Led Study Abroad.ýAfter arrival and exploration of the capital, Quito, studentsýwill journey to the Cloud Forest to begin work on a forestryýproject. This will involve working with the community to improveýquality of life through the sustainable use of natural resources.ýPossible activities include reforestation and seed collection,ýorganic gardening, dairy processing, and environmental education.ýAfter completing this project, students will visit LagunaýQuilotoa, an emerald lagoon inside a volcano, and a Pujiliýindigenous market on their way to the Amazon. There are twoýprojects that will be completed in the Amazon Rainforest; bothýfocus on conservation of the flora and fauna of the rainforest.ýThe first project has students working at the Animal WildlifeýRescue Center. Activities here may include rescue andýrehabilitation of animals, veterinary assistance, and education.ýFor the second Amazon project students will work at an ecologicalýresearch site where they will spend time on habitat work andýbehavioral monitoring activities. The weekend between projectsýwill give us the opportunity to visit the Swing at the End of theýWorld, the Baños Thermal Springs, and the Pailón del Diabloýwaterfall. The trip will conclude with a bus ride back to Quitoýfor departure home. Almost all meals and all lodging &ýtransportation in Ecuador are included.","Faculty Led Study Abroad.ýAfter arrival and exploration of the capital, Quito, studentsýwill journey to the Cloud Forest to begin work on a forestryýproject. This will involve working with the community to improveýquality of life through the sustainable use of natural resources.ýPossible activities include reforestation and seed collection,ýorganic gardening, dairy processing, and environmental education.ýAfter completing this project, students will visit LagunaýQuilotoa, an emerald lagoon inside a volcano, and a Pujiliýindigenous market on their way to the Amazon. There are twoýprojects that will be completed in the Amazon Rainforest; bothýfocus on conservation of the flora and fauna of the rainforest.ýThe first project has students working at the Animal WildlifeýRescue Center. Activities here may include rescue andýrehabilitation of animals, veterinary assistance, and education.ýFor the second Amazon project students will work at an ecologicalýresearch site where they will spend time on habitat work andýbehavioral monitoring activities. The weekend between projectsýwill give us the opportunity to visit the Swing at the End of theýWorld, the Baños Thermal Springs, and the Pailón del Diabloýwaterfall. The trip will conclude with a bus ride back to Quitoýfor departure home. Almost all meals and all lodging &ýtransportation in Ecuador are included.",May 20 2024,Aug  9 2024,SA,489,A,Wildlfie & Ecology in Ecuador,3.0,0,0,False,False,False,False,False,0,0.0,No Building Assigned,0,SA,C. Carpenter,0.0,20.0,0.0,0.0,0.0,0.0,0.0,0.0,0.0,0,0.0,0.0,-,-,-,-,-,-,-,-,-,-,-,-,-,-,-,-,-,-,-,-,-,-,PS,0,N,Y,0.0,May 20 2024,Aug  9 2024,Needs Build,N,0,0,0,0,UG,15.0,0.0,+,INST,0,0.0,T,T,4,N,N,Y,N,0.0,0.0,0.0,2024SU,20818,1473,SA-489-A,"05/20/2024-08/09/2024 Study Abroad Days to be Announced, Times to be Announced, Room to be Announced",May 20 2024,Aug  9 2024,BSTOLTZ,Feb 19 2024,BSTOLTZ,Feb 19 2024,0,0,0,No Room Assigned,No Floor Assigned,0.0,0.0,0.0,0.0,0,0,0,0,0,0,0,0,0,0,0.0,0.0,0,May,20,2024,Aug,9,2024,5,8,2024-5-20,2024-8-9,,,,,00:00:00,00:00:00,2024-05-20 00:00:00,2024-08-09 00:00:00,1944.0,0,True,0,0,0.0,0.0,0.0,0.0,SA,{N/A},0.0,0.0,2024-05-20 00:00:00,-1944.0,0.0,0.0
21,2024SU,21693,F,INTERNSHIPS,INTRNSHIPS,May 20 2024,Aug  9 2024,SO,425,A,Internship,1.0,0,0,False,False,False,False,False,0,0.0,No Building Assigned,0,INTR,J. Dolan,0.0,20.0,0.0,0.0,0.0,0.0,0.0,0.0,0.0,0,0.0,0.0,-,-,-,-,-,-,-,-,-,-,-,-,-,-,-,-,-,-,-,-,-,-,-,0,N,Y,0.0,May 20 2024,Aug  9 2024,Needs Build,N,0,0,0,0,UG,0.0,0.0,+,INST,R2,0.0,T,T,4,N,Y,N,N,0.0,0.0,0.0,2024SU,20821,692,SO-425-A,"05/20/2024-08/09/2024 Internship Days to be Announced, Times to be Announced, Room to be Announced",May 20 2024,Aug  9 2024,BSTOLTZ,Feb 22 2024,BSTOLTZ,Feb 19 2024,0,0,0,No Room Assigned,No Floor Assigned,0.0,0.0,0.0,0.0,0,0,0,0,0,0,0,0,0,0,0.0,0.0,0,May,20,2024,Aug,9,2024,5,8,2024-5-20,2024-8-9,,,,,00:00:00,00:00:00,2024-05-20 00:00:00,2024-08-09 00:00:00,1944.0,0,True,0,0,0.0,0.0,0.0,1.3,INTR,{N/A},0.0,0.0,2024-05-20 00:00:00,-1944.0,0.0,0.0
22,2024SU,21712,A,0,0,May 20 2024,Aug  9 2024,SP,350,A,"Summer Abroad Seville, Spain",3.0,0,0,False,False,False,False,False,0,0.0,No Building Assigned,0,SA,R. Hallows,0.0,20.0,0.0,0.0,0.0,0.0,0.0,0.0,0.0,0,0.0,0.0,-,-,-,-,-,-,CD,-,-,-,-,-,-,-,-,-,-,-,-,-,-,-,-,Y,N,Y,0.0,May 20 2024,Aug  9 2024,Needs Build,N,0,0,0,0,UG,15.0,0.0,+,INST,R2,0.0,T,T,4,N,Y,Y,N,0.0,0.0,0.0,0,20839,637,SP-350-A,"05/20/2024-08/09/2024 Study Abroad Days to be Announced, Times to be Announced, Room to be Announced",May 20 2024,Aug  9 2024,BSTOLTZ,Feb 21 2024,BSTOLTZ,Feb 21 2024,0,0,0,No Room Assigned,No Floor Assigned,0.0,0.0,0.0,0.0,0,0,0,0,0,0,0,0,0,0,0.0,0.0,0,May,20,2024,Aug,9,2024,5,8,2024-5-20,2024-8-9,,,,,00:00:00,00:00:00,2024-05-20 00:00:00,2024-08-09 00:00:00,1944.0,0,True,0,0,0.0,0.0,0.0,0.0,SA,{N/A},0.0,0.0,,0.0,0.0,0.0
23,2024SU,21660,A,Session 3W-1: May 20 - June 7,Session 3W-1: May 20 - June 7,May 20 2024,Jun  7 2024,ED,102,A,Foundations of Education (WI),3.0,0,0,False,False,False,False,False,0,0.0,OFCP,OFFCMPS,CYBER,J. Alberts,0.0,20.0,20.0,0.0,0.0,0.0,35.0,0.0,0.0,EDUCF,0.0,0.0,-,-,-,-,-,-,-,-,-,-,-,-,-,-,-,-,-,-,-,-,-,WI,-,0,N,N,0.0,May 20 2024,Jun  7 2024,Needs Build,N,Mar  5 2024,May 20 2024,May 21 2024,Jun  4 2024,UG,3.0,0.0,+,INST,R2,3.0,T,T,4,N,Y,Y,N,0.0,0.0,0.0,2024SU,20788,46,ED-102-A,"05/20/2024-06/07/2024 Online (Asynchronous) Days to be Announced, Times to be AnnouncedOff-Campus, Room OFFCMPS",May 20 2024,Jun  7 2024,BSTOLTZ,Feb 28 2024,BSTOLTZ,Feb 28 2024,OFCP OFFCMPS,OFCP,Off Campus,OFFCMPS,No Floor Assigned,0.0,0.0,0.0,0.0,False,False,False,False,False,False,False,False,False,False,0.0,0.0,NO CLASSROOM DATA,May,20,2024,Jun,7,2024,5,6,2024-5-20,2024-6-7,,,,,00:00:00,00:00:00,2024-05-20 00:00:00,2024-06-07 00:00:00,432.0,0,False,0,0,0.0,0.0,-9.0,0.2,CYBER,"['CYBER', 'CLIN']",8.2,-16.0,2024-05-20 06:00:00,-426.0,-0.58941,2.5469992142813687
24,2024SU,21623,F,ACNU Session 6W-1: May 20 - June 28,ACNU Session 6W-1: May 20 - June 28,May 20 2024,Jun 28 2024,ACNU,406,A,Nursing Leadership/Management,0.0,6:00AM,7:30PM,True,False,False,False,False,0,0.0,OFCP,OFFCMPS,CLIN,K. Pieper,0.0,0.0,0.0,0.0,0.0,0.0,0.0,0.0,0.0,0,0.0,0.0,-,-,-,-,-,-,-,-,-,-,-,-,-,-,-,-,-,-,-,-,-,-,-,0,N,N,0.0,May 20 2024,Jun 28 2024,Current or Needs Rebuild,N,Mar  5 2024,May 20 2024,May 21 2024,Jun 20 2024,UG,6.0,0.0,+,INST,R2,0.0,T,T,4,N,Y,Y,N,0.0,0.0,0.0,2024SU,20751,2609,ACNU-406-A,"05/20/2024-06/28/2024 Lecture Tuesday, Thursday 09:00AM - 12:25PM, Simperman Hall, Room 408 (more)...",May 20 2024,Jun 27 2024,BSTOLTZ,Feb 28 2024,BSTOLTZ,Feb 28 2024,OFCP OFFCMPS,OFCP,Off Campus,OFFCMPS,No Floor Assigned,0.0,0.0,0.0,0.0,False,False,False,False,False,False,False,False,False,False,0.0,0.0,NO CLASSROOM DATA,May,20,2024,Jun,28,2024,5,6,2024-5-20,2024-6-28,6,00AM,7,30PM,6:00:00,19:30:00,2024-05-20 06:00:00,2024-06-28 19:30:00,949.5,0,True,0,0,0.0,,-9.0,2.0,CLIN,"['CYBER', 'CLIN']",8.2,-16.0,2024-05-20 06:00:00,-949.5,-0.58941,2.5469992142813687
25,2024SU,21624,A,ACNU Session 6W-1: May 20 - June 28,ACNU Session 6W-1: May 20 - June 28,May 20 2024,Jun 28 2024,ACNU,406,B,Nursing Leadership/Management,0.0,6:00AM,7:30PM,True,False,False,False,False,0,0.0,OFCP,OFFCMPS,CLIN,K. Pieper,0.0,0.0,0.0,0.0,0.0,0.0,0.0,0.0,0.0,0,0.0,0.0,-,-,-,-,-,-,-,-,-,-,-,-,-,-,-,-,-,-,-,-,-,-,-,0,N,N,0.0,May 20 2024,Jun 28 2024,Needs Build,N,Mar  5 2024,May 20 2024,May 21 2024,Jun 20 2024,UG,6.0,0.0,+,INST,R2,0.0,T,T,4,N,Y,Y,N,0.0,0.0,0.0,2024SU,20752,2609,ACNU-406-B,"05/20/2024-06/28/2024 Lecture Tuesday, Thursday 09:00AM - 12:25PM, Simperman Hall, Room 408 (more)...",May 20 2024,Jun 28 2024,BSTOLTZ,Feb 28 2024,BSTOLTZ,Feb 28 2024,OFCP OFFCMPS,OFCP,Off Campus,OFFCMPS,No Floor Assigned,0.0,0.0,0.0,0.0,False,False,False,False,False,False,False,False,False,False,0.0,0.0,NO CLASSROOM DATA,May,20,2024,Jun,28,2024,5,6,2024-5-20,2024-6-28,6,00AM,7,30PM,6:00:00,19:30:00,2024-05-20 06:00:00,2024-06-28 19:30:00,949.5,0,True,0,0,0.0,,-9.0,2.0,CLIN,"['CYBER', 'CLIN']",8.2,-16.0,2024-05-20 06:00:00,-949.5,-0.58941,2.5469992142813687
26,2024SU,21625,F,ACNU Session 6W-1: May 20 - June 28,ACNU Session 6W-1: May 20 - June 28,May 20 2024,Jun 28 2024,ACNU,413,A,Clinical Nursing Care II,4.0,6:00AM,7:30PM,True,False,False,False,True,True,0.0,OFCP,OFFCMPS,CLIN,D. Thompson,0.0,10.0,10.0,0.0,0.0,0.0,0.0,0.0,0.0,0,0.0,0.0,-,-,-,-,-,-,-,-,-,-,-,-,-,-,-,-,-,-,-,-,-,-,-,0,N,N,0.0,May 20 2024,Jun 28 2024,Current or Needs Rebuild,N,Mar  5 2024,May 20 2024,May 21 2024,Jun 20 2024,UG,6.0,0.0,+,INST,R2,4.0,T,T,4,N,Y,Y,N,0.0,0.0,0.0,2024SU,20753,2608,ACNU-413-A,"05/20/2024-06/28/2024 Clinical Monday, Friday, Saturday 06:00AM - 07:30PM, Off-Campus, Room OFFCMPS",May 20 2024,Jun 28 2024,BSTOLTZ,Feb 28 2024,BSTOLTZ,Feb 28 2024,OFCP OFFCMPS,OFCP,Off Campus,OFFCMPS,No Floor Assigned,0.0,0.0,0.0,0.0,False,False,False,False,False,False,False,False,False,False,0.0,0.0,NO CLASSROOM DATA,May,20,2024,Jun,28,2024,5,6,2024-5-20,2024-6-28,6,00AM,7,30PM,6:00:00,19:30:00,2024-05-20 06:00:00,2024-06-28 19:30:00,949.5,0,True,0,0,0.0,0.0,-9.0,2.0,CLIN,"['CYBER', 'CLIN']",8.2,-16.0,2024-05-20 06:00:00,-949.5,-0.58941,2.5469992142813687
27,2024SU,21626,A,ACNU Session 6W-1: May 20 - June 28,ACNU Session 6W-1: May 20 - June 28,May 20 2024,Jun 28 2024,ACNU,413,B,Clinical Nursing Care II,4.0,6:00AM,7:30PM,False,False,True,False,True,True,0.0,OFCP,OFFCMPS,CLIN,D. Thompson,0.0,10.0,10.0,0.0,0.0,0.0,0.0,0.0,0.0,0,0.0,0.0,-,-,-,-,-,-,-,-,-,-,-,-,-,-,-,-,-,-,-,-,-,-,-,0,N,N,0.0,May 20 2024,Jun 28 2024,Current or Needs Rebuild,N,Mar  5 2024,May 20 2024,May 21 2024,Jun 20 2024,UG,6.0,0.0,+,INST,R2,4.0,T,T,4,N,Y,Y,N,0.0,0.0,0.0,2024SU,20754,2608,ACNU-413-B,"05/22/2024-06/28/2024 Clinical Wednesday, Friday, Saturday 06:00AM - 07:30PM, Off-Campus, Room OFFCMPS",May 22 2024,Jun 28 2024,BSTOLTZ,Feb 28 2024,BSTOLTZ,Feb 28 2024,OFCP OFFCMPS,OFCP,Off Campus,OFFCMPS,No Floor Assigned,0.0,0.0,0.0,0.0,False,False,False,False,False,False,False,False,False,False,0.0,0.0,NO CLASSROOM DATA,May,20,2024,Jun,28,2024,5,6,2024-5-20,2024-6-28,6,00AM,7,30PM,6:00:00,19:30:00,2024-05-20 06:00:00,2024-06-28 19:30:00,949.5,0,True,0,0,0.0,0.0,-9.0,2.0,CLIN,"['CYBER', 'CLIN']",8.2,-16.0,,0.0,-0.58941,2.5469992142813687
28,2024SU,21632,A,Session 3W-1: May 20 - June 7,Session 3W-1: May 20 - June 7,May 20 2024,Jun  7 2024,ART,120,A,Art History Ancient-13th Cent,3.0,0,0,False,False,False,False,False,0,0.0,OFCP,ONLINE,CYBER,R. Esposito,0.0,15.0,15.0,0.0,0.0,0.0,0.0,0.0,0.0,0,0.0,0.0,-,FAR,-,-,-,-,-,-,-,-,-,-,-,-,-,-,-,-,-,-,-,-,-,0,N,N,0.0,May 20 2024,Jun  7 2024,Needs Build,N,Mar  5 2024,May 20 2024,May 21 2024,Jun  4 2024,UG,3.0,0.0,+,INST,R2,3.0,T,T,4,N,Y,Y,N,0.0,0.0,0.0,2024SU,20760,2098,ART-120-A,"05/20/2024-06/07/2024 Online (Asynchronous) Days to be Announced, Times to be AnnouncedOff-Campus, Room ONLINE",May 20 2024,Jun  7 2024,BSTOLTZ,Feb 28 2024,BSTOLTZ,Feb 28 2024,OFCP ONLINE,OFCP,Off Campus,ONLINE,No Floor Assigned,0.0,0.0,0.0,0.0,False,False,False,False,False,False,False,False,False,False,0.0,0.0,NO CLASSROOM DATA,May,20,2024,Jun,7,2024,5,6,2024-5-20,2024-6-7,,,,,00:00:00,00:00:00,2024-05-20 00:00:00,2024-06-07 00:00:00,432.0,0,True,0,4,4.0,0.0,-15.0,0.2,CYBER,"['REMOT', 'CYBER']",7.6000000000000005,-17.894736842105264,2024-05-20 00:00:00,-432.0,-0.7062315789473684,1.6040226706044347
29,2024SU,21634,A,Session 12W: May 20 - August 9,Session 12W: May 20 - August 9,May 20 2024,Aug  9 2024,AS,102,A,Astronomy,3.0,0,0,False,False,False,False,False,0,0.0,OFCP,ONLINE,CYBER,K. Cline,0.0,20.0,20.0,0.0,20.0,0.0,0.0,0.0,0.0,0,0.0,0.0,-,-,-,-,-,CL,-,-,-,-,-,-,-,-,-,NS,-,-,-,-,-,-,-,0,N,N,0.0,May 20 2024,Aug  9 2024,Needs Build,N,0,0,0,0,UG,12.0,729.0,+,INST,R2,3.0,T,T,4,N,Y,Y,N,0.0,0.0,0.0,2024SU,20762,26,AS-102-A,"05/20/2024-08/09/2024 Online (Asynchronous) Days to be Announced, Times to be AnnouncedOff-Campus, Room ONLINE",May 20 2024,Aug  9 2024,BSTOLTZ,Feb 20 2024,BSTOLTZ,Feb 19 2024,OFCP ONLINE,OFCP,Off Campus,ONLINE,No Floor Assigned,0.0,0.0,0.0,0.0,False,False,False,False,False,False,False,False,False,False,0.0,0.0,NO CLASSROOM DATA,May,20,2024,Aug,9,2024,5,8,2024-5-20,2024-8-9,,,,,00:00:00,00:00:00,2024-05-20 00:00:00,2024-08-09 00:00:00,1944.0,0,True,0,4,4.0,0.0,-15.0,0.2,CYBER,"['REMOT', 'CYBER']",7.6000000000000005,-17.894736842105264,2024-05-20 00:00:00,-1944.0,-0.7062315789473684,1.6040226706044347
30,2024SU,21706,A,Session 6W-1: May 20 - June 28,Session 6W-1: May 20 - June 28,May 20 2024,Jun 28 2024,BA,218,A,Basics of Personal Finance,3.0,0,0,False,False,False,False,False,0,0.0,OFCP,ONLINE,CYBER,J. Mull,0.0,20.0,20.0,0.0,0.0,0.0,0.0,0.0,0.0,0,0.0,0.0,-,-,-,-,-,-,-,-,-,-,-,-,-,-,-,-,-,-,-,-,-,-,-,0,N,N,0.0,May 20 2024,Jun 28 2024,Needs Build,N,Mar  5 2024,May 20 2024,May 21 2024,Jun 20 2024,UG,6.0,0.0,+,INST,R2,3.0,T,T,4,N,Y,Y,N,0.0,0.0,0.0,0,20833,2577,BA-218-A,"05/20/2024-06/28/2024 Online (Asynchronous) Days to be Announced, Times to be AnnouncedOff-Campus, Room ONLINE",May 20 2024,Jun 28 2024,BSTOLTZ,Feb 28 2024,BSTOLTZ,Feb 28 2024,OFCP ONLINE,OFCP,Off Campus,ONLINE,No Floor Assigned,0.0,0.0,0.0,0.0,False,False,False,False,False,False,False,False,False,False,0.0,0.0,NO CLASSROOM DATA,May,20,2024,Jun,28,2024,5,6,2024-5-20,2024-6-28,,,,,00:00:00,00:00:00,2024-05-20 00:00:00,2024-06-28 00:00:00,936.0,0,True,0,4,4.0,0.0,-15.0,0.2,CYBER,"['REMOT', 'CYBER']",7.6000000000000005,-17.894736842105264,2024-05-20 00:00:00,-936.0,-0.7062315789473684,1.6040226706044347
31,2024SU,21707,A,Session 3W-1: May 20 - June 7,Session 3W-1: May 20 - June 7,May 20 2024,Jun  7 2024,BA,301,A,Business Law,3.0,0,0,False,False,False,False,False,0,0.0,OFCP,ONLINE,CYBER,A. Thomas,0.0,20.0,20.0,0.0,0.0,0.0,0.0,0.0,0.0,0,0.0,0.0,-,-,-,-,-,-,-,-,-,-,-,-,-,-,-,-,-,-,-,-,-,-,-,0,N,N,0.0,May 20 2024,Jun  7 2024,Needs Build,N,Mar  5 2024,May 20 2024,May 21 2024,Jun  4 2024,UG,15.0,0.0,+,INST,R2,3.0,T,T,4,N,Y,Y,Y,10.0,3.0,0.0,0,20834,283,BA-301-A,"05/20/2024-06/07/2024 Online (Asynchronous) Days to be Announced, Times to be AnnouncedOff-Campus, Room ONLINE",May 20 2024,Jun  7 2024,BSTOLTZ,Feb 28 2024,BSTOLTZ,Feb 28 2024,OFCP ONLINE,OFCP,Off Campus,ONLINE,No Floor Assigned,0.0,0.0,0.0,0.0,False,False,False,False,False,False,False,False,False,False,0.0,0.0,NO CLASSROOM DATA,May,20,2024,Jun,7,2024,5,6,2024-5-20,2024-6-7,,,,,00:00:00,00:00:00,2024-05-20 00:00:00,2024-06-07 00:00:00,432.0,0,True,0,4,4.0,0.0,-15.0,0.2,CYBER,"['REMOT', 'CYBER']",7.6000000000000005,-17.894736842105264,2024-05-20 00:00:00,-432.0,-0.7062315789473684,1.6040226706044347
32,2024SU,21641,A,Session 3W-1: May 20 - June 7,Session 3W-1: May 20 - June 7,May 20 2024,Jul  7 2024,BA,375,A,Fundamentals of Management,3.0,0,0,False,False,False,False,False,0,0.0,OFCP,ONLINE,CYBER,A. Dimian,0.0,20.0,20.0,0.0,0.0,0.0,0.0,0.0,0.0,0,0.0,0.0,-,-,-,-,-,-,-,-,-,-,-,-,-,-,-,-,-,-,-,-,-,-,-,0,N,N,0.0,May 20 2024,Jul  7 2024,Needs Build,N,Mar  5 2024,May 20 2024,May 21 2024,Jun  4 2024,UG,3.0,0.0,+,INST,R2,3.0,T,T,4,N,Y,Y,N,0.0,0.0,0.0,2024SU,20769,339,BA-375-A,"05/20/2024-07/07/2024 Online (Asynchronous) Days to be Announced, Times to be AnnouncedOff-Campus, Room ONLINE",May 20 2024,Jul  7 2024,BSTOLTZ,Feb 28 2024,BSTOLTZ,Feb 28 2024,OFCP ONLINE,OFCP,Off Campus,ONLINE,No Floor Assigned,0.0,0.0,0.0,0.0,False,False,False,False,False,False,False,False,False,False,0.0,0.0,NO CLASSROOM DATA,May,20,2024,Jul,7,2024,5,7,2024-5-20,2024-7-7,,,,,00:00:00,00:00:00,2024-05-20 00:00:00,2024-07-07 00:00:00,1152.0,0,True,0,4,4.0,0.0,-15.0,0.2,CYBER,"['REMOT', 'CYBER']",7.6000000000000005,-17.894736842105264,2024-05-20 00:00:00,-1152.0,-0.7062315789473684,1.6040226706044347
33,2024SU,21644,A,Session 12W: May 20 - August 9,Session 12W: May 20 - August 9,May 20 2024,Aug  9 2024,BA,414,A,Retirement Plan & Emp Benefits,3.0,0,0,False,False,False,False,False,0,0.0,OFCP,ONLINE,CYBER,J. Mull,0.0,20.0,20.0,0.0,0.0,0.0,0.0,0.0,0.0,0,0.0,0.0,-,-,-,-,-,-,-,-,-,-,-,-,-,-,-,-,-,-,-,-,-,-,-,0,N,N,0.0,May 20 2024,Aug  9 2024,Needs Build,N,0,0,0,0,UG,12.0,0.0,+,INST,R2,3.0,T,T,4,N,Y,Y,N,0.0,0.0,0.0,2024SU,20772,2475,BA-414-A,"05/20/2024-08/09/2024 Online (Asynchronous) Days to be Announced, Times to be AnnouncedOff-Campus, Room ONLINE",May 20 2024,Aug  9 2024,BSTOLTZ,Feb 20 2024,BSTOLTZ,Feb 19 2024,OFCP ONLINE,OFCP,Off Campus,ONLINE,No Floor Assigned,0.0,0.0,0.0,0.0,False,False,False,False,False,False,False,False,False,False,0.0,0.0,NO CLASSROOM DATA,May,20,2024,Aug,9,2024,5,8,2024-5-20,2024-8-9,,,,,00:00:00,00:00:00,2024-05-20 00:00:00,2024-08-09 00:00:00,1944.0,0,True,0,4,4.0,0.0,-15.0,0.2,CYBER,"['REMOT', 'CYBER']",7.6000000000000005,-17.894736842105264,2024-05-20 00:00:00,-1944.0,-0.7062315789473684,1.6040226706044347
34,2024SU,21648,A,MACC Session: May 20 - June 28,MACC Session: May 20 - June 28,May 20 2024,Jun 28 2024,BA,506,A,Advanced Auditing,3.0,0,0,False,False,False,False,False,0,0.0,OFCP,ONLINE,CYBER,B. Marie,0.0,20.0,20.0,0.0,0.0,0.0,0.0,0.0,0.0,0,0.0,0.0,-,-,-,-,-,-,-,-,-,-,-,-,-,-,-,-,-,-,-,-,-,-,-,0,N,N,0.0,May 20 2024,Jun 28 2024,Needs Build,N,Mar  5 2024,May 20 2024,May 21 2024,Jun 20 2024,GR,6.0,0.0,+,INST,R2GR,3.0,T,T,4,N,Y,Y,N,0.0,0.0,0.0,2024SU,20776,2329,BA-506-A,"05/20/2024-06/28/2024 Online (Asynchronous) Days to be Announced, Times to be AnnouncedOff-Campus, Room ONLINE",May 20 2024,Jun 28 2024,BSTOLTZ,Feb 28 2024,BSTOLTZ,Feb 28 2024,OFCP ONLINE,OFCP,Off Campus,ONLINE,No Floor Assigned,0.0,0.0,0.0,0.0,False,False,False,False,False,False,False,False,False,False,0.0,0.0,NO CLASSROOM DATA,May,20,2024,Jun,28,2024,5,6,2024-5-20,2024-6-28,,,,,00:00:00,00:00:00,2024-05-20 00:00:00,2024-06-28 00:00:00,936.0,0,True,0,4,4.0,0.0,-15.0,0.2,CYBER,"['REMOT', 'CYBER']",7.6000000000000005,-17.894736842105264,2024-05-20 00:00:00,-936.0,-0.7062315789473684,1.6040226706044347
35,2024SU,21649,A,MACC Session: May 20 - June 28,MACC Session: May 20 - June 28,May 20 2024,Jun 28 2024,BA,526,A,Forensic Accounting,3.0,0,0,False,False,False,False,False,0,0.0,OFCP,ONLINE,CYBER,B. Marie,0.0,20.0,20.0,0.0,0.0,0.0,0.0,0.0,0.0,0,0.0,0.0,-,-,-,-,-,-,-,-,-,-,-,-,-,-,-,-,-,-,-,-,-,-,-,0,N,N,0.0,May 20 2024,Jun 28 2024,Needs Build,N,Mar  5 2024,May 20 2024,May 21 2024,Jun 20 2024,GR,6.0,0.0,+,INST,R2GR,3.0,T,T,4,N,Y,Y,N,0.0,0.0,0.0,2024SU,20777,2334,BA-526-A,"05/20/2024-06/28/2024 Online (Asynchronous) Days to be Announced, Times to be AnnouncedOff-Campus, Room ONLINE",May 20 2024,Jun 28 2024,BSTOLTZ,Feb 28 2024,BSTOLTZ,Feb 28 2024,OFCP ONLINE,OFCP,Off Campus,ONLINE,No Floor Assigned,0.0,0.0,0.0,0.0,False,False,False,False,False,False,False,False,False,False,0.0,0.0,NO CLASSROOM DATA,May,20,2024,Jun,28,2024,5,6,2024-5-20,2024-6-28,,,,,00:00:00,00:00:00,2024-05-20 00:00:00,2024-06-28 00:00:00,936.0,0,True,0,4,4.0,0.0,-15.0,0.2,CYBER,"['REMOT', 'CYBER']",7.6000000000000005,-17.894736842105264,2024-05-20 00:00:00,-936.0,-0.7062315789473684,1.6040226706044347
36,2024SU,21652,A,Session 6W-1: May 20 - June 28,Session 6W-1: May 20 - June 28,May 20 2024,Jun 28 2024,CO,101,A,Basic Communication,3.0,0,0,False,False,False,False,False,0,0.0,OFCP,ONLINE,CYBER,A. Hansen,0.0,20.0,20.0,0.0,0.0,0.0,0.0,0.0,0.0,0,0.0,0.0,-,-,-,-,-,-,-,-,-,-,-,-,-,-,-,-,OC,-,-,-,-,-,-,0,N,N,0.0,May 20 2024,Jun 28 2024,Needs Build,N,Mar  5 2024,May 20 2024,May 21 2024,Jun 20 2024,UG,6.0,0.0,+,INST,R2,3.0,T,T,4,N,N,Y,N,0.0,0.0,0.0,2024SU,20780,377,CO-101-A,"05/20/2024-06/28/2024 Online (Asynchronous) Days to be Announced, Times to be AnnouncedOff-Campus, Room ONLINE",May 20 2024,Jun 28 2024,BSTOLTZ,Feb 28 2024,BSTOLTZ,Feb 28 2024,OFCP ONLINE,OFCP,Off Campus,ONLINE,No Floor Assigned,0.0,0.0,0.0,0.0,False,False,False,False,False,False,False,False,False,False,0.0,0.0,NO CLASSROOM DATA,May,20,2024,Jun,28,2024,5,6,2024-5-20,2024-6-28,,,,,00:00:00,00:00:00,2024-05-20 00:00:00,2024-06-28 00:00:00,936.0,0,True,0,4,4.0,0.0,-15.0,0.2,CYBER,"['REMOT', 'CYBER']",7.6000000000000005,-17.894736842105264,2024-05-20 00:00:00,-936.0,-0.7062315789473684,1.6040226706044347
37,2024SU,21661,A,Session 6W-1: May 20 - June 28,Session 6W-1: May 20 - June 28,May 20 2024,Jun 28 2024,ED,229,A,Educational Psychology,3.0,0,0,False,False,False,False,False,0,0.0,OFCP,ONLINE,CYBER,J. Helbling,0.0,35.0,35.0,0.0,20.0,0.0,0.0,0.0,0.0,0,0.0,0.0,-,-,-,-,-,CL,-,-,-,-,-,-,-,-,-,-,-,-,-,-,-,-,-,Y,N,N,0.0,May 20 2024,Jun 28 2024,Needs Build,N,Mar  5 2024,May 20 2024,May 21 2024,Jun 20 2024,UG,6.0,730.0,+,INST,R2,3.0,T,T,4,N,Y,Y,N,0.0,0.0,0.0,2024SU,20789,53,ED-229-A,"05/20/2024-06/28/2024 Online (Asynchronous) Days to be Announced, Times to be AnnouncedOff-Campus, Room ONLINE",May 20 2024,Jun 28 2024,BSTOLTZ,Feb 28 2024,BSTOLTZ,Feb 28 2024,OFCP ONLINE,OFCP,Off Campus,ONLINE,No Floor Assigned,0.0,0.0,0.0,0.0,False,False,False,False,False,False,False,False,False,False,0.0,0.0,NO CLASSROOM DATA,May,20,2024,Jun,28,2024,5,6,2024-5-20,2024-6-28,,,,,00:00:00,00:00:00,2024-05-20 00:00:00,2024-06-28 00:00:00,936.0,0,True,0,4,4.0,0.0,-15.0,0.2,CYBER,"['REMOT', 'CYBER']",7.6000000000000005,-17.894736842105264,2024-05-20 00:00:00,-936.0,-0.7062315789473684,1.6040226706044347
38,2024SU,21710,A,Session 6W-1: May 20 - June 28,Session 6W-1: May 20 - June 28,May 20 2024,Jun 28 2024,ED,316,A,Meas & Assessmnt in Teaching,3.0,0,0,False,False,False,False,False,0,0.0,OFCP,ONLINE,CYBER,J. Helbling,0.0,35.0,35.0,0.0,0.0,0.0,0.0,0.0,0.0,0,0.0,0.0,-,-,-,-,-,-,-,-,-,-,-,-,-,-,-,-,-,-,-,-,-,-,-,0,N,N,0.0,May 20 2024,Jun 28 2024,Needs Build,N,Mar  5 2024,May 20 2024,May 21 2024,Jun 20 2024,UG,15.0,0.0,+,INST,R2,3.0,T,T,4,N,Y,Y,Y,10.0,3.0,0.0,0,20837,2719,ED-316-A,"05/20/2024-06/28/2024 Online (Asynchronous) Days to be Announced, Times to be AnnouncedOff-Campus, Room ONLINE",May 20 2024,Jun 28 2024,BSTOLTZ,Feb 28 2024,BSTOLTZ,Feb 28 2024,OFCP ONLINE,OFCP,Off Campus,ONLINE,No Floor Assigned,0.0,0.0,0.0,0.0,False,False,False,False,False,False,False,False,False,False,0.0,0.0,NO CLASSROOM DATA,May,20,2024,Jun,28,2024,5,6,2024-5-20,2024-6-28,,,,,00:00:00,00:00:00,2024-05-20 00:00:00,2024-06-28 00:00:00,936.0,0,True,0,4,4.0,0.0,-15.0,0.2,CYBER,"['REMOT', 'CYBER']",7.6000000000000005,-17.894736842105264,2024-05-20 00:00:00,-936.0,-0.7062315789473684,1.6040226706044347
39,2024SU,21662,A,Session 6W-1: May 20 - June 28,Session 6W-1: May 20 - June 28,May 20 2024,Jun 28 2024,ENLT,215,A,The Short Story,3.0,0,0,False,False,False,False,False,0,0.0,OFCP,ONLINE,CYBER,K. Stewart,0.0,20.0,20.0,0.0,0.0,0.0,0.0,0.0,0.0,0,0.0,0.0,-,-,-,LIT,-,-,-,-,-,-,-,-,-,-,-,-,-,-,-,-,-,-,-,Y,N,N,0.0,May 20 2024,Jun 28 2024,Needs Build,N,Mar  5 2024,May 20 2024,May 21 2024,Jun 20 2024,UG,6.0,0.0,+,INST,UL,3.0,T,T,4,N,Y,Y,N,0.0,0.0,0.0,2024SU,20790,317,ENLT-215-A,"05/20/2024-06/28/2024 Online (Asynchronous) Days to be Announced, Times to be AnnouncedOff-Campus, Room ONLINE",May 20 2024,Jun 28 2024,BSTOLTZ,Feb 28 2024,BSTOLTZ,Feb 28 2024,OFCP ONLINE,OFCP,Off Campus,ONLINE,No Floor Assigned,0.0,0.0,0.0,0.0,False,False,False,False,False,False,False,False,False,False,0.0,0.0,NO CLASSROOM DATA,May,20,2024,Jun,28,2024,5,6,2024-5-20,2024-6-28,,,,,00:00:00,00:00:00,2024-05-20 00:00:00,2024-06-28 00:00:00,936.0,0,True,0,4,4.0,0.0,-15.0,0.2,CYBER,"['REMOT', 'CYBER']",7.6000000000000005,-17.894736842105264,2024-05-20 00:00:00,-936.0,-0.7062315789473684,1.6040226706044347
40,2024SU,21663,A,Session 3W-1: May 20 - June 7,Session 3W-1: May 20 - June 7,May 20 2024,Jun  7 2024,ENLT,215N,A,"Gender, Race & Lit (nd)(cd)",3.0,0,0,False,False,False,False,False,0,0.0,OFCP,ONLINE,CYBER,S. Gupta,0.0,20.0,20.0,0.0,0.0,0.0,0.0,0.0,0.0,0,0.0,0.0,-,-,-,LIT,-,-,CD,-,-,-,-,-,-,-,ND,-,-,-,-,-,-,-,-,Y,N,N,0.0,May 20 2024,Jun  7 2024,Needs Build,N,Mar  5 2024,May 20 2024,May 21 2024,Jun  4 2024,UG,6.0,0.0,+,INST,R2,3.0,T,T,4,N,Y,Y,N,0.0,0.0,0.0,2024SU,20791,2003,ENLT-215N-A,"05/20/2024-06/07/2024 Online (Asynchronous) Days to be Announced, Times to be AnnouncedOff-Campus, Room ONLINE",May 20 2024,Jun  7 2024,BSTOLTZ,Feb 28 2024,BSTOLTZ,Feb 28 2024,OFCP ONLINE,OFCP,Off Campus,ONLINE,No Floor Assigned,0.0,0.0,0.0,0.0,False,False,False,False,False,False,False,False,False,False,0.0,0.0,NO CLASSROOM DATA,May,20,2024,Jun,7,2024,5,6,2024-5-20,2024-6-7,,,,,00:00:00,00:00:00,2024-05-20 00:00:00,2024-06-07 00:00:00,432.0,0,True,0,4,4.0,0.0,-15.0,0.2,CYBER,"['REMOT', 'CYBER']",7.6000000000000005,-17.894736842105264,2024-05-20 00:00:00,-432.0,-0.7062315789473684,1.6040226706044347
41,2024SU,21664,A,Session 3W-1: May 20 - June 7,Session 3W-1: May 20 - June 7,May 20 2024,Jun  7 2024,ENWR,305,A,Workplace Writing (WI),3.0,0,0,False,False,False,False,False,0,0.0,OFCP,ONLINE,CYBER,J. Morris,0.0,10.0,10.0,0.0,0.0,0.0,0.0,0.0,0.0,0,0.0,0.0,-,-,-,-,-,-,-,-,-,-,-,-,-,IW,-,-,-,-,-,-,-,WI,-,Y,N,N,0.0,May 20 2024,Jun  7 2024,Needs Build,N,Mar  5 2024,May 20 2024,May 21 2024,Jun  4 2024,UG,3.0,0.0,+,INST,R2,3.0,T,T,4,N,N,Y,N,0.0,0.0,0.0,2024SU,20792,390,ENWR-305-A,"05/20/2024-06/07/2024 Online (Asynchronous) Days to be Announced, Times to be AnnouncedOff-Campus, Room ONLINE",May 20 2024,Jun  7 2024,BSTOLTZ,Feb 28 2024,BSTOLTZ,Feb 28 2024,OFCP ONLINE,OFCP,Off Campus,ONLINE,No Floor Assigned,0.0,0.0,0.0,0.0,False,False,False,False,False,False,False,False,False,False,0.0,0.0,NO CLASSROOM DATA,May,20,2024,Jun,7,2024,5,6,2024-5-20,2024-6-7,,,,,00:00:00,00:00:00,2024-05-20 00:00:00,2024-06-07 00:00:00,432.0,0,True,0,4,4.0,0.0,-15.0,0.2,CYBER,"['REMOT', 'CYBER']",7.6000000000000005,-17.894736842105264,2024-05-20 00:00:00,-432.0,-0.7062315789473684,1.6040226706044347
42,2024SU,21667,A,Session 3W-1: May 20 - June 7,Session 3W-1: May 20 - June 7,May 20 2024,Jun  7 2024,HS,150,A,Medical Terminology,3.0,0,0,False,False,False,False,False,0,0.0,OFCP,ONLINE,CYBER,G. Schafer,0.0,20.0,0.0,0.0,0.0,0.0,0.0,0.0,0.0,0,0.0,0.0,-,-,-,-,-,-,-,-,-,-,-,-,-,-,-,-,-,-,-,-,-,-,-,0,N,N,0.0,May 20 2024,Jun  7 2024,Needs Build,N,Mar  5 2024,May 20 2024,May 21 2024,Jun  4 2024,UG,3.0,0.0,+,INST,R2,3.0,T,T,4,N,Y,Y,N,0.0,0.0,0.0,2024SU,20795,2621,HS-150-A,"05/20/2024-06/07/2024 Online (Asynchronous) Days to be Announced, Times to be AnnouncedOff-Campus, Room ONLINE",May 20 2024,Jun  7 2024,BSTOLTZ,Feb 28 2024,BSTOLTZ,Feb 28 2024,OFCP ONLINE,OFCP,Off Campus,ONLINE,No Floor Assigned,0.0,0.0,0.0,0.0,False,False,False,False,False,False,False,False,False,False,0.0,0.0,NO CLASSROOM DATA,May,20,2024,Jun,7,2024,5,6,2024-5-20,2024-6-7,,,,,00:00:00,00:00:00,2024-05-20 00:00:00,2024-06-07 00:00:00,432.0,0,True,0,4,4.0,0.0,-15.0,0.2,CYBER,"['REMOT', 'CYBER']",7.6000000000000005,-17.894736842105264,2024-05-20 00:00:00,-432.0,-0.7062315789473684,1.6040226706044347
43,2024SU,21671,A,Session 12W: May 20 - August 9,Session 12W: May 20 - August 9,May 20 2024,Aug  9 2024,MA,117,A,Diff Equations and Lin Algebra,3.0,0,0,False,False,False,False,False,0,0.0,OFCP,ONLINE,CYBER,K. Cline,0.0,20.0,20.0,0.0,0.0,0.0,0.0,0.0,0.0,0,0.0,0.0,-,-,-,-,-,-,-,-,-,-,-,-,-,-,-,-,-,-,QA,-,-,-,-,0,N,N,0.0,May 20 2024,Aug  9 2024,Needs Build,N,0,0,0,0,UG,12.0,0.0,+,INST,R2,3.0,T,T,4,N,Y,Y,N,0.0,0.0,0.0,2024SU,20799,36,MA-117-A,"05/20/2024-08/09/2024 Online (Asynchronous) Days to be Announced, Times to be AnnouncedOff-Campus, Room ONLINE",May 20 2024,Aug  9 2024,BSTOLTZ,Feb 21 2024,BSTOLTZ,Feb 19 2024,OFCP ONLINE,OFCP,Off Campus,ONLINE,No Floor Assigned,0.0,0.0,0.0,0.0,False,False,False,False,False,False,False,False,False,False,0.0,0.0,NO CLASSROOM DATA,May,20,2024,Aug,9,2024,5,8,2024-5-20,2024-8-9,,,,,00:00:00,00:00:00,2024-05-20 00:00:00,2024-08-09 00:00:00,1944.0,0,True,0,4,4.0,0.0,-15.0,0.2,CYBER,"['REMOT', 'CYBER']",7.6000000000000005,-17.894736842105264,2024-05-20 00:00:00,-1944.0,-0.7062315789473684,1.6040226706044347
44,2024SU,21673,A,Session 12W: May 20 - August 9,Session 12W: May 20 - August 9,May 20 2024,Aug  9 2024,MA,315,A,Probability and Statistics,3.0,0,0,False,False,False,False,False,0,0.0,OFCP,ONLINE,CYBER,K. Cline,0.0,20.0,20.0,0.0,0.0,0.0,0.0,0.0,0.0,0,0.0,0.0,-,-,-,-,-,-,-,-,-,-,-,-,-,-,-,-,-,-,-,-,-,-,-,Y,N,N,0.0,May 20 2024,Aug  9 2024,Needs Build,N,0,0,0,0,UG,12.0,0.0,+,INST,R2,3.0,T,T,4,N,Y,Y,N,0.0,0.0,0.0,2024SU,20801,1881,MA-315-A,"05/20/2024-08/09/2024 Online (Asynchronous) Days to be Announced, Times to be AnnouncedOff-Campus, Room ONLINE",May 20 2024,Aug  9 2024,BSTOLTZ,Feb 21 2024,BSTOLTZ,Feb 19 2024,OFCP ONLINE,OFCP,Off Campus,ONLINE,No Floor Assigned,0.0,0.0,0.0,0.0,False,False,False,False,False,False,False,False,False,False,0.0,0.0,NO CLASSROOM DATA,May,20,2024,Aug,9,2024,5,8,2024-5-20,2024-8-9,,,,,00:00:00,00:00:00,2024-05-20 00:00:00,2024-08-09 00:00:00,1944.0,0,True,0,4,4.0,0.0,-15.0,0.2,CYBER,"['REMOT', 'CYBER']",7.6000000000000005,-17.894736842105264,2024-05-20 00:00:00,-1944.0,-0.7062315789473684,1.6040226706044347
45,2024SU,21675,A,Session 3W-1: May 20 - June 7,Session 3W-1: May 20 - June 7,May 20 2024,Jun  7 2024,PHIL,101,A,Perspectives in Philosophy,3.0,0,0,False,False,False,False,False,0,0.0,OFCP,ONLINE,CYBER,E. Roncalli,0.0,20.0,20.0,0.0,0.0,0.0,0.0,0.0,0.0,0,0.0,0.0,-,-,-,-,-,-,-,-,-,-,-,-,-,-,-,-,-,PR,-,-,-,-,-,0,N,N,0.0,May 20 2024,Jun  7 2024,Needs Build,N,Mar  5 2024,May 20 2024,May 21 2024,Jun  4 2024,UG,3.0,0.0,+,INST,R2,3.0,T,T,4,N,Y,Y,N,0.0,0.0,0.0,2024SU,20803,546,PHIL-101-A,"05/20/2024-06/07/2024 Online (Asynchronous) Days to be Announced, Times to be AnnouncedOff-Campus, Room ONLINE",May 20 2024,Jun  7 2024,BSTOLTZ,Feb 28 2024,BSTOLTZ,Feb 28 2024,OFCP ONLINE,OFCP,Off Campus,ONLINE,No Floor Assigned,0.0,0.0,0.0,0.0,False,False,False,False,False,False,False,False,False,False,0.0,0.0,NO CLASSROOM DATA,May,20,2024,Jun,7,2024,5,6,2024-5-20,2024-6-7,,,,,00:00:00,00:00:00,2024-05-20 00:00:00,2024-06-07 00:00:00,432.0,0,True,0,4,4.0,0.0,-15.0,0.2,CYBER,"['REMOT', 'CYBER']",7.6000000000000005,-17.894736842105264,2024-05-20 00:00:00,-432.0,-0.7062315789473684,1.6040226706044347
46,2024SU,21676,A,Session 3W-1: May 20 - June 7,Session 3W-1: May 20 - June 7,May 20 2024,Jun  7 2024,PHIL,203,A,Islam: Philosophy/CultureCDGD,3.0,0,0,False,False,False,False,False,0,0.0,OFCP,ONLINE,CYBER,H. Hemphill,0.0,20.0,20.0,0.0,0.0,0.0,0.0,0.0,0.0,0,0.0,0.0,-,-,-,-,-,-,CD,-,PHL,-,-,GD,-,-,-,-,-,-,-,-,-,-,-,0,N,N,0.0,May 20 2024,Jun  7 2024,Needs Build,N,Mar  5 2024,May 20 2024,May 21 2024,Jun  4 2024,UG,3.0,0.0,+,INST,R2,3.0,T,T,4,N,Y,Y,N,0.0,0.0,0.0,2024SU,20804,552,PHIL-203-A,"05/20/2024-06/07/2024 Online (Asynchronous) Days to be Announced, Times to be AnnouncedOff-Campus, Room ONLINE",May 20 2024,Jun  7 2024,BSTOLTZ,Feb 28 2024,BSTOLTZ,Feb 28 2024,OFCP ONLINE,OFCP,Off Campus,ONLINE,No Floor Assigned,0.0,0.0,0.0,0.0,False,False,False,False,False,False,False,False,False,False,0.0,0.0,NO CLASSROOM DATA,May,20,2024,Jun,7,2024,5,6,2024-5-20,2024-6-7,,,,,00:00:00,00:00:00,2024-05-20 00:00:00,2024-06-07 00:00:00,432.0,0,True,0,4,4.0,0.0,-15.0,0.2,CYBER,"['REMOT', 'CYBER']",7.6000000000000005,-17.894736842105264,2024-05-20 00:00:00,-432.0,-0.7062315789473684,1.6040226706044347
47,2024SU,21679,A,Session 3W-1: May 20 - June 7,Session 3W-1: May 20 - June 7,May 20 2024,Jun  7 2024,PHIL,223,A,Asian Philosophy (GD),3.0,0,0,False,False,False,False,False,0,0.0,OFCP,ONLINE,CYBER,E. Hall,0.0,20.0,20.0,0.0,0.0,0.0,0.0,0.0,0.0,0,0.0,0.0,-,-,-,-,-,-,CD,-,PHL,-,-,GD,-,-,-,-,-,-,-,-,-,-,-,0,N,N,0.0,May 20 2024,Jun  7 2024,Needs Build,N,Mar  5 2024,May 20 2024,May 21 2024,Jun  4 2024,UG,3.0,0.0,+,INST,R2,3.0,T,T,4,N,Y,Y,N,0.0,0.0,0.0,2024SU,20807,557,PHIL-223-A,"05/20/2024-06/07/2024 Online (Asynchronous) Days to be Announced, Times to be AnnouncedOff-Campus, Room ONLINE",May 20 2024,Jun  7 2024,BSTOLTZ,Feb 28 2024,BSTOLTZ,Feb 28 2024,OFCP ONLINE,OFCP,Off Campus,ONLINE,No Floor Assigned,0.0,0.0,0.0,0.0,False,False,False,False,False,False,False,False,False,False,0.0,0.0,NO CLASSROOM DATA,May,20,2024,Jun,7,2024,5,6,2024-5-20,2024-6-7,,,,,00:00:00,00:00:00,2024-05-20 00:00:00,2024-06-07 00:00:00,432.0,0,True,0,4,4.0,0.0,-15.0,0.2,CYBER,"['REMOT', 'CYBER']",7.6000000000000005,-17.894736842105264,2024-05-20 00:00:00,-432.0,-0.7062315789473684,1.6040226706044347
48,2024SU,21681,A,Session 12W: May 20 - August 9,Session 12W: May 20 - August 9,May 20 2024,Aug  9 2024,PHYS,104,A,Astronomy,3.0,0,0,False,False,False,False,False,0,0.0,OFCP,ONLINE,CYBER,K. Cline,0.0,20.0,20.0,0.0,0.0,0.0,0.0,0.0,0.0,0,0.0,0.0,-,-,-,-,-,CL,-,-,-,-,-,-,-,-,-,NS,-,-,-,-,-,-,-,0,N,N,0.0,May 20 2024,Aug  9 2024,Needs Build,N,0,0,0,0,UG,12.0,729.0,+,INST,R2,3.0,T,T,4,N,Y,Y,N,0.0,0.0,0.0,2024SU,20809,2001,PHYS-104-A,"05/20/2024-08/09/2024 Online (Asynchronous) Days to be Announced, Times to be AnnouncedOff-Campus, Room ONLINE",May 20 2024,Aug  9 2024,BSTOLTZ,Feb 21 2024,BSTOLTZ,Feb 19 2024,OFCP ONLINE,OFCP,Off Campus,ONLINE,No Floor Assigned,0.0,0.0,0.0,0.0,False,False,False,False,False,False,False,False,False,False,0.0,0.0,NO CLASSROOM DATA,May,20,2024,Aug,9,2024,5,8,2024-5-20,2024-8-9,,,,,00:00:00,00:00:00,2024-05-20 00:00:00,2024-08-09 00:00:00,1944.0,0,True,0,4,4.0,0.0,-15.0,0.2,CYBER,"['REMOT', 'CYBER']",7.6000000000000005,-17.894736842105264,2024-05-20 00:00:00,-1944.0,-0.7062315789473684,1.6040226706044347
49,2024SU,21685,A,Session 6W-1: May 20 - June 28,Session 6W-1: May 20 - June 28,May 20 2024,Jun 28 2024,PSY,229,A,Educational Psychology,3.0,0,0,False,False,False,False,False,0,0.0,OFCP,ONLINE,CYBER,J. Helbling,0.0,20.0,20.0,0.0,0.0,0.0,0.0,0.0,0.0,0,0.0,0.0,-,-,-,-,-,CL,-,-,-,-,-,-,-,-,-,-,-,-,-,-,-,-,-,Y,N,N,0.0,May 20 2024,Jun 28 2024,Needs Build,N,Mar  5 2024,May 20 2024,May 21 2024,Jun 20 2024,UG,6.0,730.0,+,INST,R2,3.0,T,T,4,N,Y,Y,N,0.0,0.0,0.0,2024SU,20813,63,PSY-229-A,"05/20/2024-06/28/2024 Online (Asynchronous) Days to be Announced, Times to be AnnouncedOff-Campus, Room ONLINE",May 20 2024,Jun 28 2024,BSTOLTZ,Feb 28 2024,BSTOLTZ,Feb 28 2024,OFCP ONLINE,OFCP,Off Campus,ONLINE,No Floor Assigned,0.0,0.0,0.0,0.0,False,False,False,False,False,False,False,False,False,False,0.0,0.0,NO CLASSROOM DATA,May,20,2024,Jun,28,2024,5,6,2024-5-20,2024-6-28,,,,,00:00:00,00:00:00,2024-05-20 00:00:00,2024-06-28 00:00:00,936.0,0,True,0,4,4.0,0.0,-15.0,0.2,CYBER,"['REMOT', 'CYBER']",7.6000000000000005,-17.894736842105264,2024-05-20 00:00:00,-936.0,-0.7062315789473684,1.6040226706044347
50,2024SU,21691,A,Session 3W-1: May 20 - June 7,Session 3W-1: May 20 - June 7,May 20 2024,Jun  7 2024,SO,101,A,Introduction to Sociology,3.0,0,0,False,False,False,False,False,0,0.0,OFCP,ONLINE,CYBER,J. Dolan,0.0,20.0,20.0,0.0,0.0,0.0,0.0,0.0,0.0,0,0.0,0.0,-,-,-,-,-,-,-,-,-,-,-,-,-,-,-,-,-,-,-,-,SS,-,-,0,N,N,0.0,May 20 2024,Jun  7 2024,Needs Build,N,Mar  5 2024,May 20 2024,May 21 2024,Jun  4 2024,UG,3.0,0.0,+,INST,R2,3.0,T,T,4,N,Y,Y,N,0.0,0.0,0.0,2024SU,20819,8,SO-101-A,"05/20/2024-06/07/2024 Online (Asynchronous) Days to be Announced, Times to be AnnouncedOff-Campus, Room ONLINE",May 20 2024,Jun  7 2024,BSTOLTZ,Feb 28 2024,BSTOLTZ,Feb 28 2024,OFCP ONLINE,OFCP,Off Campus,ONLINE,No Floor Assigned,0.0,0.0,0.0,0.0,False,False,False,False,False,False,False,False,False,False,0.0,0.0,NO CLASSROOM DATA,May,20,2024,Jun,7,2024,5,6,2024-5-20,2024-6-7,,,,,00:00:00,00:00:00,2024-05-20 00:00:00,2024-06-07 00:00:00,432.0,0,True,0,4,4.0,0.0,-15.0,0.2,CYBER,"['REMOT', 'CYBER']",7.6000000000000005,-17.894736842105264,2024-05-20 00:00:00,-432.0,-0.7062315789473684,1.6040226706044347
51,2024SU,21695,A,Session 3W-1: May 20 - June 7,Session 3W-1: May 20 - June 7,May 20 2024,Jun  7 2024,SPED,200,A,Intro to Exceptional Children,3.0,0,0,False,False,False,False,False,0,0.0,OFCP,ONLINE,CYBER,K. Gilboy,0.0,20.0,20.0,0.0,0.0,0.0,0.0,0.0,0.0,0,0.0,0.0,-,-,-,-,-,-,-,-,-,-,-,-,-,-,-,-,-,-,-,-,-,-,-,0,N,N,0.0,May 20 2024,Jun  7 2024,Needs Build,N,Mar  5 2024,May 20 2024,May 21 2024,Jun  4 2024,UG,3.0,0.0,+,INST,R2,3.0,T,T,4,N,Y,Y,N,0.0,0.0,0.0,2024SU,20823,2544,SPED-200-A,"05/20/2024-06/07/2024 Online (Asynchronous) Days to be Announced, Times to be AnnouncedOff-Campus, Room ONLINE",May 20 2024,Jun  7 2024,BSTOLTZ,Feb 28 2024,BSTOLTZ,Feb 28 2024,OFCP ONLINE,OFCP,Off Campus,ONLINE,No Floor Assigned,0.0,0.0,0.0,0.0,False,False,False,False,False,False,False,False,False,False,0.0,0.0,NO CLASSROOM DATA,May,20,2024,Jun,7,2024,5,6,2024-5-20,2024-6-7,,,,,00:00:00,00:00:00,2024-05-20 00:00:00,2024-06-07 00:00:00,432.0,0,True,0,4,4.0,0.0,-15.0,0.2,CYBER,"['REMOT', 'CYBER']",7.6000000000000005,-17.894736842105264,2024-05-20 00:00:00,-432.0,-0.7062315789473684,1.6040226706044347
52,2024SU,21696,A,Session 3W-1: May 20 - June 7,Session 3W-1: May 20 - June 7,May 20 2024,Jun  7 2024,SPED,206,A,Collab & Conf Tech Spec Ed,3.0,0,0,False,False,False,False,False,0,0.0,OFCP,ONLINE,CYBER,K. Gilboy,0.0,20.0,20.0,0.0,0.0,0.0,0.0,0.0,0.0,0,0.0,0.0,-,-,-,-,-,-,-,-,-,-,-,-,-,-,-,-,-,-,-,-,-,-,-,0,N,N,0.0,May 20 2024,Jun  7 2024,Needs Build,N,Mar  5 2024,May 20 2024,May 21 2024,Jun  4 2024,UG,3.0,0.0,+,INST,R2,3.0,T,T,4,N,Y,Y,N,0.0,0.0,0.0,2024SU,20824,2541,SPED-206-A,"05/20/2024-06/07/2024 Online (Asynchronous) Days to be Announced, Times to be AnnouncedOff-Campus, Room ONLINE",May 20 2024,Jun  7 2024,BSTOLTZ,Feb 28 2024,BSTOLTZ,Feb 28 2024,OFCP ONLINE,OFCP,Off Campus,ONLINE,No Floor Assigned,0.0,0.0,0.0,0.0,False,False,False,False,False,False,False,False,False,False,0.0,0.0,NO CLASSROOM DATA,May,20,2024,Jun,7,2024,5,6,2024-5-20,2024-6-7,,,,,00:00:00,00:00:00,2024-05-20 00:00:00,2024-06-07 00:00:00,432.0,0,True,0,4,4.0,0.0,-15.0,0.2,CYBER,"['REMOT', 'CYBER']",7.6000000000000005,-17.894736842105264,2024-05-20 09:00:00,-423.0,-0.7062315789473684,1.6040226706044347
53,2024SU,21697,A,Session 3W-1: May 20 - June 7,Session 3W-1: May 20 - June 7,May 20 2024,Jun  7 2024,TH,101,A,Theological Foundations,3.0,9:00AM,11:30AM,True,True,True,True,True,0,0.0,OFCP,ONLINE,REMOT,J. Ries,0.0,20.0,20.0,0.0,0.0,0.0,0.0,0.0,0.0,0,0.0,0.0,-,-,-,-,-,-,-,-,-,-,-,-,-,-,-,-,-,-,-,-,-,-,-,0,N,N,0.0,May 20 2024,Jun  7 2024,Current or Needs Rebuild,N,Mar  5 2024,May 20 2024,May 21 2024,Jun  4 2024,UG,15.0,0.0,+,INST,R2,3.0,T,T,4,N,N,Y,N,0.0,0.0,0.0,2024SU,20825,426,TH-101-A,"05/20/2024-06/07/2024 Remote (Synchronous) Monday, Tuesday, Wednesday, Thursday, Friday 09:00AM - 11:30AM, Off-Campus, Room ONLINE",May 20 2024,Jun  7 2024,BSTOLTZ,Feb 28 2024,BSTOLTZ,Feb 28 2024,OFCP ONLINE,OFCP,Off Campus,ONLINE,No Floor Assigned,0.0,0.0,0.0,0.0,False,False,False,False,False,False,False,False,False,False,0.0,0.0,NO CLASSROOM DATA,May,20,2024,Jun,7,2024,5,6,2024-5-20,2024-6-7,9,00AM,11,30AM,9:00:00,11:30:00,2024-05-20 09:00:00,2024-06-07 11:30:00,434.5,1,False,1,4,4.0,0.0,-15.0,0.2,REMOT,"['REMOT', 'CYBER']",7.6000000000000005,-17.894736842105264,2024-05-20 12:00:00,-431.5,-0.7062315789473684,1.6040226706044347
54,2024SU,21699,A,Session 3W-1: May 20 - June 7,Session 3W-1: May 20 - June 7,May 20 2024,Jun  7 2024,TH,264,A,Theologies of Liberation(GD),3.0,12:00PM,2:30PM,True,True,True,True,True,0,0.0,OFCP,ONLINE,REMOT,J. Ries,0.0,20.0,20.0,0.0,0.0,0.0,0.0,0.0,0.0,0,0.0,0.0,-,-,-,-,-,-,-,ER,-,THE,-,GD,-,-,-,-,-,-,-,-,-,-,-,0,N,N,0.0,May 20 2024,Jun  7 2024,Needs Build,N,Mar  5 2024,May 20 2024,May 21 2024,Jun  4 2024,UG,15.0,0.0,+,INST,R2,3.0,T,T,4,N,Y,Y,N,0.0,0.0,0.0,2024SU,20827,1756,TH-264-A,"05/20/2024-06/07/2024 Remote (Synchronous) Monday, Tuesday, Wednesday, Thursday, Friday 12:00PM - 02:30PM, Off-Campus, Room ONLINE",May 20 2024,Jun  7 2024,BSTOLTZ,Feb 28 2024,BSTOLTZ,Feb 28 2024,OFCP ONLINE,OFCP,Off Campus,ONLINE,No Floor Assigned,0.0,0.0,0.0,0.0,False,False,False,False,False,False,False,False,False,False,0.0,0.0,NO CLASSROOM DATA,May,20,2024,Jun,7,2024,5,6,2024-5-20,2024-6-7,12,00PM,2,30PM,12:00:00,14:30:00,2024-05-20 12:00:00,2024-06-07 14:30:00,434.5,1,False,1,4,4.0,0.0,-15.0,0.2,REMOT,"['REMOT', 'CYBER']",7.6000000000000005,-17.894736842105264,2024-05-20 14:00:00,-432.5,-0.7062315789473684,1.6040226706044347
55,2024SU,21682,A,Session 3W-3: July 1 - July 19,Session 3W-3: July 1 - July 19,May 20 2024,Jul 19 2024,PSY,105,A,General Psychology,3.0,2:00PM,4:50PM,True,True,True,True,True,0,0.0,OFCP,ONLINE,REMOT,To be Announced,0.0,20.0,20.0,0.0,0.0,0.0,0.0,0.0,0.0,0,0.0,0.0,-,-,-,-,-,-,-,-,-,-,-,-,-,-,-,-,-,-,-,-,SS,-,-,0,N,N,0.0,Jul  1 2024,Jul 19 2024,Current or Needs Rebuild,N,Mar  5 2024,Jul  1 2024,Jul  2 2024,Jul 16 2024,UG,15.0,0.0,+,INST,R2,3.0,T,T,4,N,Y,Y,N,0.0,0.0,0.0,2024SU,20810,54,PSY-105-A,"07/01/2024-07/19/2024 Remote (Synchronous) Monday, Tuesday, Wednesday, Thursday, Friday 02:00PM - 04:50PM, Off-Campus, Room ONLINE",Jul  1 2024,Jul 19 2024,BSTOLTZ,Feb 28 2024,BSTOLTZ,Feb 28 2024,OFCP ONLINE,OFCP,Off Campus,ONLINE,No Floor Assigned,0.0,0.0,0.0,0.0,False,False,False,False,False,False,False,False,False,False,0.0,0.0,NO CLASSROOM DATA,May,20,2024,Jul,19,2024,5,7,2024-5-20,2024-7-19,2,00PM,4,50PM,14:00:00,16:50:00,2024-05-20 14:00:00,2024-07-19 16:50:00,1442.8333333333333,1,False,1,4,4.0,0.0,-15.0,0.2,REMOT,"['REMOT', 'CYBER']",7.6000000000000005,-17.894736842105264,2024-06-10 00:00:00,-952.8333333333334,-0.7062315789473684,1.6040226706044347
56,2024SU,21633,A,Session 3W-2: June 10- June 28,Session 3W-2: June 10 - June 28,Jun 10 2024,Jun 28 2024,ART,121,A,Art History 14th Cent-Contemp,3.0,0,0,False,False,False,False,False,0,0.0,OFCP,ONLINE,CYBER,R. Esposito,0.0,15.0,15.0,0.0,0.0,0.0,0.0,0.0,0.0,0,0.0,0.0,-,FAR,-,-,-,-,-,-,-,-,-,-,-,-,-,-,-,-,-,-,-,-,-,0,N,N,0.0,Jun 10 2024,Jun 28 2024,Needs Build,N,Mar  5 2024,Jun 10 2024,Jun 11 2024,Jun 25 2024,UG,3.0,0.0,+,INST,R2,3.0,T,T,4,N,Y,Y,N,0.0,0.0,0.0,2024SU,20761,2099,ART-121-A,"06/10/2024-06/28/2024 Online (Asynchronous) Days to be Announced, Times to be AnnouncedOff-Campus, Room ONLINE",Jun 10 2024,Jun 28 2024,BSTOLTZ,Feb 28 2024,BSTOLTZ,Feb 28 2024,OFCP ONLINE,OFCP,Off Campus,ONLINE,No Floor Assigned,0.0,0.0,0.0,0.0,False,False,False,False,False,False,False,False,False,False,0.0,0.0,NO CLASSROOM DATA,Jun,10,2024,Jun,28,2024,6,6,2024-6-10,2024-6-28,,,,,00:00:00,00:00:00,2024-06-10 00:00:00,2024-06-28 00:00:00,432.0,0,True,0,4,4.0,0.0,-15.0,0.2,CYBER,"['REMOT', 'CYBER']",7.6000000000000005,-17.894736842105264,2024-06-10 00:00:00,-432.0,-0.7062315789473684,1.6040226706044347
57,2024SU,21708,A,Session 3W-2: June 10 - June 28,Session 3W-2: June 10 - June 28,Jun 10 2024,Jun 28 2024,EC,201,A,Principles of Microeconomics,3.0,0,0,False,False,False,False,False,0,0.0,OFCP,ONLINE,CYBER,A. Thomas,0.0,20.0,20.0,0.0,0.0,0.0,0.0,0.0,0.0,0,0.0,0.0,-,-,-,-,-,-,-,-,-,-,-,-,-,-,-,-,-,-,-,-,SS,-,-,Y,N,N,0.0,Jun 10 2024,Jun 28 2024,Needs Build,N,Mar  5 2024,Jun 10 2024,Jun 11 2024,Jun 25 2024,UG,15.0,0.0,+,INST,R2,3.0,T,T,4,N,Y,Y,Y,10.0,3.0,0.0,0,20835,35,EC-201-A,"06/10/2024-06/28/2024 Online (Asynchronous) Days to be Announced, Times to be AnnouncedOff-Campus, Room ONLINE",Jun 10 2024,Jun 28 2024,BSTOLTZ,Feb 28 2024,BSTOLTZ,Feb 28 2024,OFCP ONLINE,OFCP,Off Campus,ONLINE,No Floor Assigned,0.0,0.0,0.0,0.0,False,False,False,False,False,False,False,False,False,False,0.0,0.0,NO CLASSROOM DATA,Jun,10,2024,Jun,28,2024,6,6,2024-6-10,2024-6-28,,,,,00:00:00,00:00:00,2024-06-10 00:00:00,2024-06-28 00:00:00,432.0,0,True,0,4,4.0,0.0,-15.0,0.2,CYBER,"['REMOT', 'CYBER']",7.6000000000000005,-17.894736842105264,2024-06-10 00:00:00,-432.0,-0.7062315789473684,1.6040226706044347
58,2024SU,21678,A,Session 3W-2: June 10 - June 28,Session 3W-2: June 10 - June 28,Jun 10 2024,Jun 28 2024,PHIL,208,A,Bioethics,3.0,0,0,False,False,False,False,False,0,0.0,OFCP,ONLINE,CYBER,W. Smillie,0.0,20.0,20.0,0.0,0.0,0.0,0.0,0.0,0.0,0,0.0,0.0,-,-,-,-,-,-,-,ER,PHL,-,-,-,-,-,-,-,-,-,-,-,-,-,-,0,N,N,0.0,Jun 10 2024,Jun 28 2024,Needs Build,N,Mar  5 2024,Jun 10 2024,Jun 11 2024,Jun 25 2024,UG,3.0,0.0,+,INST,R2,3.0,T,T,4,N,Y,Y,N,0.0,0.0,0.0,2024SU,20806,555,PHIL-208-A,"06/10/2024-06/28/2024 Online (Asynchronous) Days to be Announced, Times to be AnnouncedOff-Campus, Room ONLINE",Jun 10 2024,Jun 28 2024,BSTOLTZ,Feb 28 2024,BSTOLTZ,Feb 28 2024,OFCP ONLINE,OFCP,Off Campus,ONLINE,No Floor Assigned,0.0,0.0,0.0,0.0,False,False,False,False,False,False,False,False,False,False,0.0,0.0,NO CLASSROOM DATA,Jun,10,2024,Jun,28,2024,6,6,2024-6-10,2024-6-28,,,,,00:00:00,00:00:00,2024-06-10 00:00:00,2024-06-28 00:00:00,432.0,0,True,0,4,4.0,0.0,-15.0,0.2,CYBER,"['REMOT', 'CYBER']",7.6000000000000005,-17.894736842105264,2024-06-10 00:00:00,-432.0,-0.7062315789473684,1.6040226706044347
59,2024SU,21698,A,Session 3W-2: June 10 - June 28,Session 3W-2: June 10 - June 28,Jun 10 2024,Jun 28 2024,TH,211,A,Comparative Religion(CD)(GD),3.0,0,0,False,False,False,False,False,0,0.0,OFCP,ONLINE,CYBER,E. Hall,0.0,26.0,26.0,0.0,0.0,0.0,0.0,0.0,0.0,0,0.0,0.0,-,-,-,-,-,-,CD,-,-,THE,-,GD,-,-,-,-,-,-,-,-,-,-,-,Y,N,N,0.0,Jun 10 2024,Jun 28 2024,Needs Build,N,Mar  5 2024,Jun 10 2024,Jun 11 2024,Jun 25 2024,UG,15.0,0.0,+,INST,R2,3.0,T,T,4,N,Y,Y,N,0.0,0.0,0.0,2024SU,20826,1748,TH-211-A,"06/10/2024-06/28/2024 Online (Asynchronous) Days to be Announced, Times to be AnnouncedOff-Campus, Room ONLINE",Jun 10 2024,Jun 28 2024,BSTOLTZ,Feb 28 2024,BSTOLTZ,Feb 28 2024,OFCP ONLINE,OFCP,Off Campus,ONLINE,No Floor Assigned,0.0,0.0,0.0,0.0,False,False,False,False,False,False,False,False,False,False,0.0,0.0,NO CLASSROOM DATA,Jun,10,2024,Jun,28,2024,6,6,2024-6-10,2024-6-28,,,,,00:00:00,00:00:00,2024-06-10 00:00:00,2024-06-28 00:00:00,432.0,0,True,0,4,4.0,0.0,-15.0,0.2,CYBER,"['REMOT', 'CYBER']",7.6000000000000005,-17.894736842105264,2024-06-10 14:00:00,-418.0,-0.7062315789473684,1.6040226706044347
60,2024SU,21684,A,Session 3W-2: June 10 - June 28,Session 3W-2: June 10 - June 28,Jun 10 2024,Jun 28 2024,PSY,216,A,Social Psychology (ND),3.0,2:00PM,4:50PM,True,True,True,True,True,0,0.0,OFCP,ONLINE,REMOT,To be Announced,0.0,20.0,20.0,0.0,0.0,0.0,0.0,0.0,0.0,0,0.0,0.0,-,-,-,-,-,-,-,-,-,-,-,-,-,-,ND,-,-,-,-,-,SS,-,-,Y,N,N,0.0,Jun 10 2024,Jun 28 2024,Current or Needs Rebuild,N,Mar  5 2024,May 20 2024,May 21 2024,Jun  4 2024,UG,15.0,0.0,+,INST,R2,3.0,T,T,4,N,Y,Y,N,0.0,0.0,0.0,2024SU,20812,630,PSY-216-A,"06/10/2024-06/28/2024 Remote (Synchronous) Monday, Tuesday, Wednesday, Thursday, Friday 02:00PM - 04:50PM, Off-Campus, Room ONLINE",Jun 10 2024,Jun 28 2024,BSTOLTZ,Feb 28 2024,BSTOLTZ,Feb 28 2024,OFCP ONLINE,OFCP,Off Campus,ONLINE,No Floor Assigned,0.0,0.0,0.0,0.0,False,False,False,False,False,False,False,False,False,False,0.0,0.0,NO CLASSROOM DATA,Jun,10,2024,Jun,28,2024,6,6,2024-6-10,2024-6-28,2,00PM,4,50PM,14:00:00,16:50:00,2024-06-10 14:00:00,2024-06-28 16:50:00,434.8333333333333,1,False,1,4,4.0,0.0,-15.0,0.2,REMOT,"['REMOT', 'CYBER']",7.6000000000000005,-17.894736842105264,2024-07-01 00:00:00,55.166666666666664,-0.7062315789473684,1.6040226706044347
61,2024SU,21639,A,Session 6W-2: July 1 - August 9,Session 6W-2: July 1 - August 9,Jul  1 2024,Aug  9 2024,BA,314,A,Fndns of Investment Planning,2.0,0,0,False,False,False,False,False,0,0.0,OFCP,ONLINE,CYBER,J. Mull,0.0,20.0,20.0,0.0,0.0,0.0,0.0,0.0,0.0,0,0.0,0.0,-,-,-,-,-,-,-,-,-,-,-,-,-,-,-,-,-,-,-,-,-,-,-,0,N,N,0.0,Jul  1 2024,Aug  9 2024,Needs Build,N,Mar  5 2024,Jul  1 2024,Jul  2 2024,Aug  1 2024,UG,6.0,0.0,+,INST,R2,2.0,T,T,4,N,Y,Y,N,0.0,0.0,0.0,2024SU,20767,2615,BA-314-A,"07/01/2024-08/09/2024 Online (Asynchronous) Days to be Announced, Times to be AnnouncedOff-Campus, Room ONLINE",Jul  1 2024,Aug  9 2024,BSTOLTZ,Feb 28 2024,BSTOLTZ,Feb 28 2024,OFCP ONLINE,OFCP,Off Campus,ONLINE,No Floor Assigned,0.0,0.0,0.0,0.0,False,False,False,False,False,False,False,False,False,False,0.0,0.0,NO CLASSROOM DATA,Jul,1,2024,Aug,9,2024,7,8,2024-7-1,2024-8-9,,,,,00:00:00,00:00:00,2024-07-01 00:00:00,2024-08-09 00:00:00,936.0,0,True,0,4,4.0,0.0,-15.0,0.2,CYBER,"['REMOT', 'CYBER']",7.6000000000000005,-17.894736842105264,2024-07-01 00:00:00,-936.0,-0.7062315789473684,1.6040226706044347
62,2024SU,21642,A,Session 6W-2: July 1 - August 9,Session 6W-2: July 1 - August 9,Jul  1 2024,Aug  9 2024,BA,411,A,Investment Planning,1.0,0,0,False,False,False,False,False,0,0.0,OFCP,ONLINE,CYBER,J. Mull,0.0,20.0,20.0,0.0,0.0,0.0,0.0,0.0,0.0,0,0.0,0.0,-,-,-,-,-,-,-,-,-,-,-,-,-,-,-,-,-,-,-,-,-,-,-,0,N,N,0.0,Jul  1 2024,Aug  9 2024,Needs Build,N,Mar  5 2024,Jul  1 2024,Jul  2 2024,Aug  1 2024,UG,6.0,0.0,+,INST,R2,1.0,T,T,4,N,Y,Y,N,0.0,0.0,0.0,2024SU,20770,372,BA-411-A,"07/01/2024-08/09/2024 Online (Asynchronous) Days to be Announced, Times to be AnnouncedOff-Campus, Room ONLINE",Jul  1 2024,Aug  9 2024,BSTOLTZ,Feb 28 2024,BSTOLTZ,Feb 28 2024,OFCP ONLINE,OFCP,Off Campus,ONLINE,No Floor Assigned,0.0,0.0,0.0,0.0,False,False,False,False,False,False,False,False,False,False,0.0,0.0,NO CLASSROOM DATA,Jul,1,2024,Aug,9,2024,7,8,2024-7-1,2024-8-9,,,,,00:00:00,00:00:00,2024-07-01 00:00:00,2024-08-09 00:00:00,936.0,0,True,0,4,4.0,0.0,-15.0,0.2,CYBER,"['REMOT', 'CYBER']",7.6000000000000005,-17.894736842105264,2024-07-01 00:00:00,-936.0,-0.7062315789473684,1.6040226706044347
63,2024SU,21643,A,Session 6W-2: July 1 - August 9,Session 6W-2: July 1 - August 9,Jul  1 2024,Aug  9 2024,BA,412,A,Insurance Planning,2.0,0,0,False,False,False,False,False,0,0.0,OFCP,ONLINE,CYBER,J. Mull,0.0,20.0,20.0,0.0,0.0,0.0,0.0,0.0,0.0,0,0.0,0.0,-,-,-,-,-,-,-,-,-,-,-,-,-,-,-,-,-,-,-,-,-,-,-,0,N,N,0.0,Jul  1 2024,Aug  9 2024,Needs Build,N,Mar  5 2024,Jul  1 2024,Jul  2 2024,Aug  1 2024,UG,6.0,0.0,+,INST,R2,2.0,T,T,4,N,Y,Y,N,0.0,0.0,0.0,2024SU,20771,2474,BA-412-A,"07/01/2024-08/09/2024 Online (Asynchronous) Days to be Announced, Times to be AnnouncedOff-Campus, Room ONLINE",Jul  1 2024,Aug  9 2024,BSTOLTZ,Feb 28 2024,BSTOLTZ,Feb 28 2024,OFCP ONLINE,OFCP,Off Campus,ONLINE,No Floor Assigned,0.0,0.0,0.0,0.0,False,False,False,False,False,False,False,False,False,False,0.0,0.0,NO CLASSROOM DATA,Jul,1,2024,Aug,9,2024,7,8,2024-7-1,2024-8-9,,,,,00:00:00,00:00:00,2024-07-01 00:00:00,2024-08-09 00:00:00,936.0,0,True,0,4,4.0,0.0,-15.0,0.2,CYBER,"['REMOT', 'CYBER']",7.6000000000000005,-17.894736842105264,2024-07-01 00:00:00,-936.0,-0.7062315789473684,1.6040226706044347
64,2024SU,21709,A,Session 3W-3: July 1 - July 19,Session 3W-3: July 1 - July 19,Jul  1 2024,Jul 19 2024,EC,202,A,Principles of Macroeconomics,3.0,0,0,False,False,False,False,False,0,0.0,OFCP,ONLINE,CYBER,A. Thomas,0.0,20.0,20.0,0.0,0.0,0.0,0.0,0.0,0.0,0,0.0,0.0,-,-,-,-,-,-,-,-,-,-,-,-,-,-,-,-,-,-,-,-,SS,-,-,Y,N,N,0.0,Jul  1 2024,Jul 19 2024,Needs Build,N,Mar  5 2024,Jul  1 2024,Jul  2 2024,Jul 16 2024,UG,15.0,0.0,+,INST,R2,3.0,T,T,4,N,Y,Y,Y,10.0,3.0,0.0,0,20836,37,EC-202-A,"07/01/2024-07/19/2024 Online (Asynchronous) Days to be Announced, Times to be AnnouncedOff-Campus, Room ONLINE",Jul  1 2024,Jul 19 2024,BSTOLTZ,Feb 28 2024,BSTOLTZ,Feb 28 2024,OFCP ONLINE,OFCP,Off Campus,ONLINE,No Floor Assigned,0.0,0.0,0.0,0.0,False,False,False,False,False,False,False,False,False,False,0.0,0.0,NO CLASSROOM DATA,Jul,1,2024,Jul,19,2024,7,7,2024-7-1,2024-7-19,,,,,00:00:00,00:00:00,2024-07-01 00:00:00,2024-07-19 00:00:00,432.0,0,True,0,4,4.0,0.0,-15.0,0.2,CYBER,"['REMOT', 'CYBER']",7.6000000000000005,-17.894736842105264,2024-07-01 00:00:00,-432.0,-0.7062315789473684,1.6040226706044347
65,2024SU,21677,A,Session 3W-3: July 1 - July 19,Session 3W-3: July 1 - July 19,Jul  1 2024,Jul 19 2024,PHIL,205,A,Ethics,3.0,0,0,False,False,False,False,False,0,0.0,OFCP,ONLINE,CYBER,E. Glowienka,0.0,20.0,20.0,0.0,0.0,0.0,0.0,0.0,0.0,0,0.0,0.0,-,-,-,-,-,-,-,ER,PHL,-,-,-,-,-,-,-,-,-,-,-,-,-,-,0,N,N,0.0,May 20 2024,Jul 19 2024,Needs Build,N,Mar  5 2024,Jul  1 2024,Jul  2 2024,Jul 16 2024,UG,3.0,0.0,+,INST,R2,3.0,T,T,4,N,Y,Y,N,0.0,0.0,0.0,2024SU,20805,2530,PHIL-205-A,"05/20/2024-07/19/2024 Online (Asynchronous) Days to be Announced, Times to be AnnouncedOff-Campus, Room ONLINE",May 20 2024,Jul 19 2024,BSTOLTZ,Feb 28 2024,BSTOLTZ,Feb 28 2024,OFCP ONLINE,OFCP,Off Campus,ONLINE,No Floor Assigned,0.0,0.0,0.0,0.0,False,False,False,False,False,False,False,False,False,False,0.0,0.0,NO CLASSROOM DATA,Jul,1,2024,Jul,19,2024,7,7,2024-7-1,2024-7-19,,,,,00:00:00,00:00:00,2024-07-01 00:00:00,2024-07-19 00:00:00,432.0,0,True,0,4,4.0,0.0,-15.0,0.2,CYBER,"['REMOT', 'CYBER']",7.6000000000000005,-17.894736842105264,,0.0,-0.7062315789473684,1.6040226706044347
66,2024SU,21640,A,Session 6W-1: May 20 - June 28,Session 6W-1: May 20 - June 28,May 20 2024,Jun 28 2024,BA,318,A,Fndns of Financial Planning,3.0,1:00PM,1:50PM,False,False,True,False,False,0,0.0,SIMP,314,CYBER,J. Mull,0.0,20.0,20.0,0.0,0.0,0.0,0.0,0.0,0.0,0,0.0,0.0,-,-,-,-,-,-,-,-,-,-,-,-,-,-,-,-,-,-,-,-,-,-,-,0,N,N,0.0,May 20 2024,Jun 28 2024,Current or Needs Rebuild,N,Mar  5 2024,May 20 2024,May 21 2024,Jun 20 2024,UG,6.0,0.0,+,INST,R2,3.0,T,T,4,N,Y,Y,N,0.0,0.0,0.0,2024SU,20768,315,BA-318-A,"05/22/2024-06/26/2024 Online (Asynchronous) Wednesday 01:00PM - 01:50PM, Simperman Hall, Room 314",May 22 2024,Jun 26 2024,BSTOLTZ,Feb 28 2024,BSTOLTZ,Feb 28 2024,SIMP 314,SIMP,Simperman Hall,314,Third,32.0,24.0,32.0,5.0,True,True,False,True,False,False,True,False,False,False,0.0,0.0,Movable chairs with desks attached.,May,20,2024,Jun,28,2024,5,6,2024-5-20,2024-6-28,1,00PM,1,50PM,13:00:00,13:50:00,2024-05-20 13:00:00,2024-06-28 13:50:00,936.8333333333334,1,False,1,1,1.0,0.0,-15.0,0.2,CYBER,['CYBER'],0.2,0.0,,0.0,0.0,3.280965723344227
67,2024SU,21618,A,ACNU Session 6W-1: May 20 - June 28,ACNU Session 6W-1: May 20 - June 28,May 20 2024,Jun 28 2024,ACNU,201,A,Fundmntls & Health Promotion,0.0,9:00AM,11:30AM,True,False,True,False,True,0,0.0,SIMP,403,LAB,D. Thompson,0.0,0.0,0.0,0.0,0.0,0.0,0.0,0.0,0.0,0,0.0,0.0,-,-,-,-,-,-,-,-,-,-,-,-,-,-,-,-,-,-,-,-,-,-,-,0,N,N,0.0,May 20 2024,Jun 28 2024,Current or Needs Rebuild,N,Mar  5 2024,May 20 2024,May 21 2024,Jun 20 2024,UG,6.0,0.0,+,INST,R2,0.0,T,T,4,N,Y,Y,N,0.0,0.0,0.0,2024SU,20746,2595,ACNU-201-A,"05/20/2024-06/28/2024 Lecture Tuesday, Thursday 08:30AM - 11:45AM, Simperman Hall, Room 407 (more)...",May 20 2024,Jun 28 2024,BSTOLTZ,Feb 28 2024,BSTOLTZ,Feb 28 2024,SIMP 403,SIMP,Simperman Hall,403,Fourth,0.0,0.0,0.0,0.0,False,False,False,False,False,False,False,False,False,False,0.0,0.0,NO CLASSROOM DATA,May,20,2024,Jun,28,2024,5,6,2024-5-20,2024-6-28,9,00AM,11,30AM,9:00:00,11:30:00,2024-05-20 09:00:00,2024-06-28 11:30:00,938.5,1,False,1,2,2.0,,0.0,2.5,LAB,['LAB'],5.0,0.0,2024-05-20 13:00:00,-934.5,-0.420525,7.448183210976955
68,2024SU,21619,F,ACNU Session 6W-1: May 20 - June 28,ACNU Session 6W-1: May 20 - June 28,May 20 2024,Jun 28 2024,ACNU,201,B,Fundmntls & Health Promotion,0.0,1:00PM,3:35PM,True,False,True,False,True,0,0.0,SIMP,403,LAB,D. Thompson,0.0,0.0,0.0,0.0,0.0,0.0,0.0,0.0,0.0,0,0.0,0.0,-,-,-,-,-,-,-,-,-,-,-,-,-,-,-,-,-,-,-,-,-,-,-,0,N,N,0.0,May 20 2024,Jun 28 2024,Current or Needs Rebuild,N,Mar  5 2024,May 20 2024,May 21 2024,Jun 20 2024,UG,6.0,0.0,+,INST,R2,0.0,T,T,4,N,Y,Y,N,0.0,0.0,0.0,2024SU,20747,2595,ACNU-201-B,"05/20/2024-06/28/2024 Lecture Tuesday, Thursday 08:30AM - 11:55AM, Simperman Hall, Room 407 (more)...",May 20 2024,Jun 28 2024,BSTOLTZ,Feb 28 2024,BSTOLTZ,Feb 28 2024,SIMP 403,SIMP,Simperman Hall,403,Fourth,0.0,0.0,0.0,0.0,False,False,False,False,False,False,False,False,False,False,0.0,0.0,NO CLASSROOM DATA,May,20,2024,Jun,28,2024,5,6,2024-5-20,2024-6-28,1,00PM,3,35PM,13:00:00,15:35:00,2024-05-20 13:00:00,2024-06-28 15:35:00,938.5833333333334,1,False,1,2,2.0,,0.0,2.5,LAB,['LAB'],5.0,0.0,,0.0,-0.420525,7.448183210976955
69,2024SU,21618,A,ACNU Session 6W-1: May 20 - June 28,ACNU Session 6W-1: May 20 - June 28,May 20 2024,Jun 28 2024,ACNU,201,A,Fundmntls & Health Promotion,4.0,8:30AM,11:45AM,False,True,False,True,False,0,0.0,SIMP,407,LEC,D. Thompson,0.0,10.0,12.0,0.0,0.0,0.0,0.0,0.0,0.0,0,0.0,0.0,-,-,-,-,-,-,-,-,-,-,-,-,-,-,-,-,-,-,-,-,-,-,-,0,N,N,0.0,May 20 2024,Jun 28 2024,Current or Needs Rebuild,N,Mar  5 2024,May 20 2024,May 21 2024,Jun 20 2024,UG,6.0,0.0,+,INST,R2,4.0,T,T,4,N,Y,Y,N,0.0,0.0,0.0,2024SU,20746,2595,ACNU-201-A,"05/20/2024-06/28/2024 Lecture Tuesday, Thursday 08:30AM - 11:45AM, Simperman Hall, Room 407 (more)...",May 20 2024,Jun 28 2024,BSTOLTZ,Feb 28 2024,BSTOLTZ,Feb 28 2024,SIMP 407,SIMP,Simperman Hall,407,Fourth,24.0,20.0,24.0,4.0,False,False,False,False,False,False,False,False,False,False,0.0,0.0,The room has whiteboard walls on three sides. ,May,20,2024,Jun,28,2024,5,6,2024-5-20,2024-6-28,8,30AM,11,45AM,8:30:00,11:45:00,2024-05-20 08:30:00,2024-06-28 11:45:00,939.25,1,True,0,1,1.0,0.0,-15.0,1.0,LEC,['LEC'],5.0,-16.0,2024-05-20 08:30:00,-939.25,-0.49467,0.8896267248619878
70,2024SU,21619,F,ACNU Session 6W-1: May 20 - June 28,ACNU Session 6W-1: May 20 - June 28,May 20 2024,Jun 28 2024,ACNU,201,B,Fundmntls & Health Promotion,4.0,8:30AM,11:55AM,False,True,False,True,False,0,0.0,SIMP,407,LEC,D. Thompson,0.0,10.0,12.0,0.0,0.0,0.0,0.0,0.0,0.0,0,0.0,0.0,-,-,-,-,-,-,-,-,-,-,-,-,-,-,-,-,-,-,-,-,-,-,-,0,N,N,0.0,May 20 2024,Jun 28 2024,Current or Needs Rebuild,N,Mar  5 2024,May 20 2024,May 21 2024,Jun 20 2024,UG,6.0,0.0,+,INST,R2,4.0,T,T,4,N,Y,Y,N,0.0,0.0,0.0,2024SU,20747,2595,ACNU-201-B,"05/20/2024-06/28/2024 Lecture Tuesday, Thursday 08:30AM - 11:55AM, Simperman Hall, Room 407 (more)...",May 20 2024,Jun 28 2024,BSTOLTZ,Feb 28 2024,BSTOLTZ,Feb 28 2024,SIMP 407,SIMP,Simperman Hall,407,Fourth,24.0,20.0,24.0,4.0,False,False,False,False,False,False,False,False,False,False,0.0,0.0,The room has whiteboard walls on three sides. ,May,20,2024,Jun,28,2024,5,6,2024-5-20,2024-6-28,8,30AM,11,55AM,8:30:00,11:55:00,2024-05-20 08:30:00,2024-06-28 11:55:00,939.4166666666666,1,True,0,1,1.0,0.0,-15.0,1.0,LEC,['LEC'],5.0,-16.0,2024-05-20 13:00:00,-934.9166666666666,-0.49467,0.8896267248619878
71,2024SU,21620,A,ACNU Session 6W-1: May 20 - June 28,ACNU Session 6W-1: May 20 - June 28,May 20 2024,Jun 28 2024,ACNU,202,A,Assessment & Health Promotion,4.0,1:00PM,4:00PM,False,True,False,True,False,0,0.0,SIMP,407,LEC,K. Pieper,0.0,10.0,12.0,0.0,0.0,0.0,0.0,0.0,0.0,0,0.0,0.0,-,-,-,-,-,-,-,-,-,-,-,-,-,-,-,-,-,-,-,-,-,-,-,0,N,N,0.0,May 20 2024,Jun 28 2024,Current or Needs Rebuild,N,Mar  5 2024,May 20 2024,May 21 2024,Jun 20 2024,UG,6.0,0.0,+,INST,R2,4.0,T,T,4,N,Y,Y,N,0.0,0.0,0.0,2024SU,20748,2596,ACNU-202-A,"05/20/2024-06/28/2024 Lecture Tuesday, Thursday 01:00PM - 04:00PM, Simperman Hall, Room 407 (more)...",May 20 2024,Jun 28 2024,BSTOLTZ,Feb 28 2024,BSTOLTZ,Feb 28 2024,SIMP 407,SIMP,Simperman Hall,407,Fourth,24.0,20.0,24.0,4.0,False,False,False,False,False,False,False,False,False,False,0.0,0.0,The room has whiteboard walls on three sides. ,May,20,2024,Jun,28,2024,5,6,2024-5-20,2024-6-28,1,00PM,4,00PM,13:00:00,16:00:00,2024-05-20 13:00:00,2024-06-28 16:00:00,939.0,1,True,0,1,1.0,0.0,-15.0,1.0,LEC,['LEC'],5.0,-16.0,2024-05-20 13:00:00,-939.0,-0.49467,0.8896267248619878
72,2024SU,21621,F,ACNU Session 6W-1: May 20 - June 28,ACNU Session 6W-1: May 20 - June 28,May 20 2024,Jun 28 2024,ACNU,202,B,Assessment & Health Promotion,4.0,1:00PM,4:00PM,False,True,False,True,False,0,0.0,SIMP,407,LEC,K. Pieper,0.0,10.0,10.0,0.0,0.0,0.0,0.0,0.0,0.0,0,0.0,0.0,-,-,-,-,-,-,-,-,-,-,-,-,-,-,-,-,-,-,-,-,-,-,-,0,N,N,0.0,May 20 2024,Jun 28 2024,Needs Build,N,Mar  5 2024,May 20 2024,May 21 2024,Jun 20 2024,UG,6.0,0.0,+,INST,R2,4.0,T,T,4,N,Y,Y,N,0.0,0.0,0.0,2024SU,20749,2596,ACNU-202-B,"05/20/2024-06/28/2024 Lecture Tuesday, Thursday 01:00PM - 04:00PM, Simperman Hall, Room 407 (more)...",May 20 2024,Jun 28 2024,BSTOLTZ,Feb 28 2024,BSTOLTZ,Feb 28 2024,SIMP 407,SIMP,Simperman Hall,407,Fourth,24.0,20.0,24.0,4.0,False,False,False,False,False,False,False,False,False,False,0.0,0.0,The room has whiteboard walls on three sides. ,May,20,2024,Jun,28,2024,5,6,2024-5-20,2024-6-28,1,00PM,4,00PM,13:00:00,16:00:00,2024-05-20 13:00:00,2024-06-28 16:00:00,939.0,1,True,0,1,1.0,0.0,-15.0,1.0,LEC,['LEC'],5.0,-16.0,2024-07-01 09:00:00,65.0,-0.49467,0.8896267248619878
73,2024SU,21630,A,ACNU Session 6W-1: July 1 - August 9,ACNU Session 6W-1: July 1 - August 9,Jul  1 2024,Aug  9 2024,ACNU,427,A,Comprehensive Nursing Review,3.5,9:00AM,11:30AM,False,True,True,True,False,0,0.0,SIMP,407,LEC,L. Swant,0.0,20.0,20.0,0.0,0.0,0.0,0.0,0.0,0.0,0,0.0,0.0,-,-,-,-,-,-,-,-,-,-,-,-,-,-,-,-,-,-,-,-,-,-,-,0,N,N,0.0,Jul  1 2024,Aug  9 2024,Current or Needs Rebuild,N,Mar  5 2024,Jul  1 2024,Jul  2 2024,Aug  1 2024,UG,6.0,0.0,+,INST,R2,3.5,T,T,4,N,Y,Y,N,0.0,0.0,0.0,2024SU,20758,2611,ACNU-427-A,"07/02/2024-08/08/2024 Lecture Tuesday, Wednesday, Thursday 09:00AM - 11:30AM, Simperman Hall, Room 407",Jul  2 2024,Aug  8 2024,BSTOLTZ,Feb 28 2024,BSTOLTZ,Feb 28 2024,SIMP 407,SIMP,Simperman Hall,407,Fourth,24.0,20.0,24.0,4.0,False,False,False,False,False,False,False,False,False,False,0.0,0.0,The room has whiteboard walls on three sides. ,Jul,1,2024,Aug,9,2024,7,8,2024-7-1,2024-8-9,9,00AM,11,30AM,9:00:00,11:30:00,2024-07-01 09:00:00,2024-08-09 11:30:00,938.5,1,False,1,1,1.0,0.0,-15.0,1.0,LEC,['LEC'],5.0,-16.0,,0.0,-0.49467,0.8896267248619878
74,2024SU,21621,F,ACNU Session 6W-1: May 20 - June 28,ACNU Session 6W-1: May 20 - June 28,May 20 2024,Jun 28 2024,ACNU,202,B,Assessment & Health Promotion,0.0,9:00AM,11:30AM,True,False,True,False,True,0,0.0,SIMP,408,LAB,K. Pieper,0.0,0.0,0.0,0.0,0.0,0.0,0.0,0.0,0.0,0,0.0,0.0,-,-,-,-,-,-,-,-,-,-,-,-,-,-,-,-,-,-,-,-,-,-,-,0,N,N,0.0,May 20 2024,Jun 28 2024,Needs Build,N,Mar  5 2024,May 20 2024,May 21 2024,Jun 20 2024,UG,6.0,0.0,+,INST,R2,0.0,T,T,4,N,Y,Y,N,0.0,0.0,0.0,2024SU,20749,2596,ACNU-202-B,"05/20/2024-06/28/2024 Lecture Tuesday, Thursday 01:00PM - 04:00PM, Simperman Hall, Room 407 (more)...",May 20 2024,Jun 28 2024,BSTOLTZ,Feb 28 2024,BSTOLTZ,Feb 28 2024,SIMP 408,SIMP,Simperman Hall,408,Fourth,0.0,0.0,0.0,0.0,False,False,False,False,False,False,False,False,False,False,0.0,0.0,NO CLASSROOM DATA,May,20,2024,Jun,28,2024,5,6,2024-5-20,2024-6-28,9,00AM,11,30AM,9:00:00,11:30:00,2024-05-20 09:00:00,2024-06-28 11:30:00,938.5,1,True,0,4,4.0,,-11.666666666666666,2.5,LAB,"['LEC', 'LAB', 'CLIN']",15.0,-11.11111111111111,2024-05-20 09:00:00,-938.5,-0.6493583333333333,5.197539251709363
75,2024SU,21623,F,ACNU Session 6W-1: May 20 - June 28,ACNU Session 6W-1: May 20 - June 28,May 20 2024,Jun 28 2024,ACNU,406,A,Nursing Leadership/Management,4.0,9:00AM,12:25PM,False,True,False,True,False,0,0.0,SIMP,408,LEC,K. Pieper,0.0,10.0,10.0,0.0,0.0,0.0,0.0,0.0,0.0,0,0.0,0.0,-,-,-,-,-,-,-,-,-,-,-,-,-,-,-,-,-,-,-,-,-,-,-,0,N,N,0.0,May 20 2024,Jun 28 2024,Current or Needs Rebuild,N,Mar  5 2024,May 20 2024,May 21 2024,Jun 20 2024,UG,6.0,0.0,+,INST,R2,4.0,T,T,4,N,Y,Y,N,0.0,0.0,0.0,2024SU,20751,2609,ACNU-406-A,"05/20/2024-06/28/2024 Lecture Tuesday, Thursday 09:00AM - 12:25PM, Simperman Hall, Room 408 (more)...",May 20 2024,Jun 27 2024,BSTOLTZ,Feb 28 2024,BSTOLTZ,Feb 28 2024,SIMP 408,SIMP,Simperman Hall,408,Fourth,0.0,0.0,0.0,0.0,False,False,False,False,False,False,False,False,False,False,0.0,0.0,NO CLASSROOM DATA,May,20,2024,Jun,28,2024,5,6,2024-5-20,2024-6-28,9,00AM,12,25PM,9:00:00,12:25:00,2024-05-20 09:00:00,2024-06-28 12:25:00,939.4166666666666,1,True,0,4,4.0,0.0,-11.666666666666666,1.0,LEC,"['LEC', 'LAB', 'CLIN']",15.0,-11.11111111111111,2024-05-20 09:00:00,-939.4166666666666,-0.6493583333333333,5.197539251709363
76,2024SU,21624,A,ACNU Session 6W-1: May 20 - June 28,ACNU Session 6W-1: May 20 - June 28,May 20 2024,Jun 28 2024,ACNU,406,B,Nursing Leadership/Management,4.0,9:00AM,12:25PM,False,True,False,True,False,0,0.0,SIMP,408,LEC,K. Pieper,0.0,10.0,10.0,0.0,0.0,0.0,0.0,0.0,0.0,0,0.0,0.0,-,-,-,-,-,-,-,-,-,-,-,-,-,-,-,-,-,-,-,-,-,-,-,0,N,N,0.0,May 20 2024,Jun 28 2024,Needs Build,N,Mar  5 2024,May 20 2024,May 21 2024,Jun 20 2024,UG,6.0,0.0,+,INST,R2,4.0,T,T,4,N,Y,Y,N,0.0,0.0,0.0,2024SU,20752,2609,ACNU-406-B,"05/20/2024-06/28/2024 Lecture Tuesday, Thursday 09:00AM - 12:25PM, Simperman Hall, Room 408 (more)...",May 20 2024,Jun 28 2024,BSTOLTZ,Feb 28 2024,BSTOLTZ,Feb 28 2024,SIMP 408,SIMP,Simperman Hall,408,Fourth,0.0,0.0,0.0,0.0,False,False,False,False,False,False,False,False,False,False,0.0,0.0,NO CLASSROOM DATA,May,20,2024,Jun,28,2024,5,6,2024-5-20,2024-6-28,9,00AM,12,25PM,9:00:00,12:25:00,2024-05-20 09:00:00,2024-06-28 12:25:00,939.4166666666666,1,True,0,4,4.0,0.0,-11.666666666666666,1.0,LEC,"['LEC', 'LAB', 'CLIN']",15.0,-11.11111111111111,2024-05-20 13:00:00,-935.4166666666666,-0.6493583333333333,5.197539251709363
77,2024SU,21620,A,ACNU Session 6W-1: May 20 - June 28,ACNU Session 6W-1: May 20 - June 28,May 20 2024,Jun 28 2024,ACNU,202,A,Assessment & Health Promotion,0.0,1:00PM,3:30PM,True,False,True,False,True,0,0.0,SIMP,408,LAB,K. Pieper,0.0,0.0,0.0,0.0,0.0,0.0,0.0,0.0,0.0,0,0.0,0.0,-,-,-,-,-,-,-,-,-,-,-,-,-,-,-,-,-,-,-,-,-,-,-,0,N,N,0.0,May 20 2024,Jun 28 2024,Current or Needs Rebuild,N,Mar  5 2024,May 20 2024,May 21 2024,Jun 20 2024,UG,6.0,0.0,+,INST,R2,0.0,T,T,4,N,Y,Y,N,0.0,0.0,0.0,2024SU,20748,2596,ACNU-202-A,"05/20/2024-06/28/2024 Lecture Tuesday, Thursday 01:00PM - 04:00PM, Simperman Hall, Room 407 (more)...",May 20 2024,Jun 28 2024,BSTOLTZ,Feb 28 2024,BSTOLTZ,Feb 28 2024,SIMP 408,SIMP,Simperman Hall,408,Fourth,0.0,0.0,0.0,0.0,False,False,False,False,False,False,False,False,False,False,0.0,0.0,NO CLASSROOM DATA,May,20,2024,Jun,28,2024,5,6,2024-5-20,2024-6-28,1,00PM,3,30PM,13:00:00,15:30:00,2024-05-20 13:00:00,2024-06-28 15:30:00,938.5,1,False,1,4,4.0,,-11.666666666666666,2.5,LAB,"['LEC', 'LAB', 'CLIN']",15.0,-11.11111111111111,2024-07-01 09:00:00,65.5,-0.6493583333333333,5.197539251709363
78,2024SU,21622,A,ACNU Session 6W-2: July 1 - August 9,ACNU Session 6W-2: July 1 - August 9,Jul  1 2024,Aug  9 2024,ACNU,208,A,Nutrition for Healthcare Prof,3.0,9:00AM,11:15AM,False,True,True,True,False,0,0.0,SIMP,408,LEC,M. Lewis,0.0,20.0,20.0,0.0,0.0,0.0,0.0,0.0,0.0,0,0.0,0.0,-,-,-,-,-,-,-,-,-,-,-,-,-,-,-,-,-,-,-,-,-,-,-,0,N,N,0.0,Jul  1 2024,Aug  9 2024,Current or Needs Rebuild,N,Mar  5 2024,Jul  1 2024,Jul  2 2024,Aug  1 2024,UG,6.0,0.0,+,INST,R2,3.0,T,T,4,N,Y,Y,N,0.0,0.0,0.0,2024SU,20750,2597,ACNU-208-A,"07/02/2024-08/08/2024 Lecture Tuesday, Wednesday, Thursday 09:00AM - 11:15AM, Simperman Hall, Room 408",Jul  2 2024,Aug  8 2024,BSTOLTZ,Feb 28 2024,BSTOLTZ,Feb 28 2024,SIMP 408,SIMP,Simperman Hall,408,Fourth,0.0,0.0,0.0,0.0,False,False,False,False,False,False,False,False,False,False,0.0,0.0,NO CLASSROOM DATA,Jul,1,2024,Aug,9,2024,7,8,2024-7-1,2024-8-9,9,00AM,11,15AM,9:00:00,11:15:00,2024-07-01 09:00:00,2024-08-09 11:15:00,938.25,1,True,0,4,4.0,0.0,-11.666666666666666,1.0,LEC,"['LEC', 'LAB', 'CLIN']",15.0,-11.11111111111111,2024-07-01 09:00:00,-938.25,-0.6493583333333333,5.197539251709363
79,2024SU,21628,A,ACNU Session 6W-1: July 1 - August 9,ACNU Session 6W-1: July 1 - August 9,Jul  1 2024,Aug  9 2024,ACNU,417,B,Capstone Clinical,3.5,9:00AM,11:00AM,False,False,True,False,False,0,0.0,SIMP,408,CLIN,M. Lewis,0.0,6.0,6.0,0.0,0.0,0.0,0.0,0.0,0.0,0,0.0,0.0,-,-,-,-,-,-,-,-,-,-,-,-,-,-,-,-,-,-,-,-,-,-,-,0,N,N,0.0,Jul  1 2024,Aug  9 2024,Current or Needs Rebuild,N,Mar  5 2024,Jul  1 2024,Jul  2 2024,Aug  1 2024,UG,6.0,0.0,+,INST,R2,3.5,T,T,4,N,Y,Y,N,0.0,0.0,0.0,2024SU,20756,2610,ACNU-417-B,"07/03/2024-08/07/2024 Clinical Wednesday 09:00AM - 11:00AM, Simperman Hall, Room 408",Jul  3 2024,Aug  7 2024,BSTOLTZ,Feb 28 2024,BSTOLTZ,Feb 28 2024,SIMP 408,SIMP,Simperman Hall,408,Fourth,0.0,0.0,0.0,0.0,False,False,False,False,False,False,False,False,False,False,0.0,0.0,NO CLASSROOM DATA,Jul,1,2024,Aug,9,2024,7,8,2024-7-1,2024-8-9,9,00AM,11,00AM,9:00:00,11:00:00,2024-07-01 09:00:00,2024-08-09 11:00:00,938.0,1,True,0,4,4.0,0.0,-11.666666666666666,2.0,CLIN,"['LEC', 'LAB', 'CLIN']",15.0,-11.11111111111111,2024-07-01 12:30:00,-934.5,-0.6493583333333333,5.197539251709363
80,2024SU,21627,A,ACNU Session 6W-1: July 1 - August 9,ACNU Session 6W-1: July 1 - August 9,Jul  1 2024,Aug  9 2024,ACNU,417,A,Capstone Clinical,3.5,12:30PM,2:30PM,False,False,True,False,False,0,0.0,SIMP,408,CLIN,M. Lewis,0.0,6.0,7.0,0.0,0.0,0.0,0.0,0.0,0.0,0,0.0,0.0,-,-,-,-,-,-,-,-,-,-,-,-,-,-,-,-,-,-,-,-,-,-,-,0,N,N,0.0,Jul  1 2024,Aug  9 2024,Current or Needs Rebuild,N,Mar  5 2024,Jul  1 2024,Jul  2 2024,Aug  1 2024,UG,6.0,0.0,+,INST,R2,3.5,T,T,4,N,Y,Y,N,0.0,0.0,0.0,2024SU,20755,2610,ACNU-417-A,"07/03/2024-08/07/2024 Clinical Wednesday 12:30PM - 02:30PM, Simperman Hall, Room 408",Jul  3 2024,Aug  7 2024,BSTOLTZ,Feb 28 2024,BSTOLTZ,Feb 28 2024,SIMP 408,SIMP,Simperman Hall,408,Fourth,0.0,0.0,0.0,0.0,False,False,False,False,False,False,False,False,False,False,0.0,0.0,NO CLASSROOM DATA,Jul,1,2024,Aug,9,2024,7,8,2024-7-1,2024-8-9,12,30PM,2,30PM,12:30:00,14:30:00,2024-07-01 12:30:00,2024-08-09 14:30:00,938.0,1,False,1,4,4.0,0.0,-11.666666666666666,2.0,CLIN,"['LEC', 'LAB', 'CLIN']",15.0,-11.11111111111111,2024-07-01 13:00:00,-937.5,-0.6493583333333333,5.197539251709363
81,2024SU,21700,A,ACNU Session 6W-2: July 1 - August 9,ACNU Session 6W-2: July 1 - August 9,Jul  1 2024,Aug  9 2024,ACNU,308A,A,Pathophysiology & Pharmacology,1.0,1:00PM,2:00PM,False,True,False,True,False,0,0.0,SIMP,408,LEC,M. Lewis,0.0,20.0,0.0,0.0,0.0,0.0,0.0,0.0,0.0,0,0.0,0.0,-,-,-,-,-,-,-,-,-,-,-,-,-,-,-,-,-,-,-,-,-,-,-,0,N,N,0.0,Jul  1 2024,Aug  9 2024,Current or Needs Rebuild,N,Mar  5 2024,Jul  1 2024,Jul  2 2024,Aug  1 2024,UG,4.0,0.0,+,INST,R2,1.0,T,T,4,N,Y,Y,Y,0.0,3.0,0.0,0,20828,2731,ACNU-308A-A,"07/02/2024-08/08/2024 Lecture Tuesday, Thursday 01:00PM - 02:00PM, Simperman Hall, Room 408",Jul  2 2024,Aug  8 2024,BSTOLTZ,Feb 28 2024,BSTOLTZ,Feb 28 2024,SIMP 408,SIMP,Simperman Hall,408,Fourth,0.0,0.0,0.0,0.0,False,False,False,False,False,False,False,False,False,False,0.0,0.0,NO CLASSROOM DATA,Jul,1,2024,Aug,9,2024,7,8,2024-7-1,2024-8-9,1,00PM,2,00PM,13:00:00,14:00:00,2024-07-01 13:00:00,2024-08-09 14:00:00,937.0,1,False,1,4,4.0,0.0,-11.666666666666666,1.0,LEC,"['LEC', 'LAB', 'CLIN']",15.0,-11.11111111111111,2024-07-01 14:30:00,-935.5,-0.6493583333333333,5.197539251709363
82,2024SU,21629,F,ACNU Session 6W-1: July 1 - August 9,ACNU Session 6W-1: July 1 - August 9,Jul  1 2024,Aug  9 2024,ACNU,417,C,Capstone Clinical,3.5,2:30PM,4:30PM,False,True,False,False,False,0,0.0,SIMP,408,CLIN,M. Lewis,0.0,7.0,7.0,0.0,0.0,0.0,0.0,0.0,0.0,0,0.0,0.0,-,-,-,-,-,-,-,-,-,-,-,-,-,-,-,-,-,-,-,-,-,-,-,0,N,N,0.0,Jul  1 2024,Aug  9 2024,Current or Needs Rebuild,N,Mar  5 2024,Jul  1 2024,Jul  2 2024,Aug  1 2024,UG,6.0,0.0,+,INST,R2,3.5,T,T,4,N,Y,Y,N,0.0,0.0,0.0,2024SU,20757,2610,ACNU-417-C,"07/02/2024-08/06/2024 Clinical Tuesday 02:30PM - 04:30PM, Simperman Hall, Room 408",Jul  2 2024,Aug  6 2024,BSTOLTZ,Feb 28 2024,BSTOLTZ,Feb 28 2024,SIMP 408,SIMP,Simperman Hall,408,Fourth,0.0,0.0,0.0,0.0,False,False,False,False,False,False,False,False,False,False,0.0,0.0,NO CLASSROOM DATA,Jul,1,2024,Aug,9,2024,7,8,2024-7-1,2024-8-9,2,30PM,4,30PM,14:30:00,16:30:00,2024-07-01 14:30:00,2024-08-09 16:30:00,938.0,1,False,1,4,4.0,0.0,-11.666666666666666,2.0,CLIN,"['LEC', 'LAB', 'CLIN']",15.0,-11.11111111111111,,0.0,-0.6493583333333333,5.197539251709363
